************************************************************************
file with basedata            : bridge
initial value random generator: 0123456789
************************************************************************
projects                      :  1
jobs (incl. supersource/sink ):  32
horizon                       :  1120
RESOURCES
  - renewable                 :  6   R
  - nonrenewable              :  4   N
  - doubly constrained        :  0   D
************************************************************************
PROJECT INFORMATION:
pronr.  #jobs rel.date duedate tardcost  MPM-Time
    1     30      0       XX        0       XX
************************************************************************
PRECEDENCE RELATIONS:
jobnr.    #modes  #successors   successors
	1	1	3	2	3	8
	2	2	1	4		
	3	2	1	5		
	4	3	1	6		
	5	3	1	7		
	6	2	1	30		
	7	2	1	30		
	8	2	1	9		
	9	3	1	10		
	10	3	1	11		
	11	2	1	12		
	12	2	1	13		
	13	2	1	14		
	14	2	1	15		
	15	2	1	16		
	16	2	1	17		
	17	2	1	18		
	18	2	1	19		
	19	2	1	20		
	20	3	3	21	28	29
	21	2	1	22		
	22	2	3	23	24	25
	23	2	2	26	27	
	24	2	2	26	27	
	25	2	2	26	27	
	26	2	1	30		
	27	2	1	30		
	28	2	1	30		
	29	2	1	30		
	30	1	1	31		
	31	1	1	32		
	32	1	0			
************************************************************************
REQUESTS/DURATIONS:
jobnr. mode duration  R 1  R 2  R 3  R 4  R 5  R 6  N 1  N 2  N 3  N 4
------------------------------------------------------------------------
	1   1    0  0   0   0   0	0   0   0   0	0	0   
	2	1	30	3	1	0	0	0	0	0	0	300	0
		2	20	4	2	1	0	0	0	0	0	400	0
	3	1	30	3	1	0	0	0	0	0	0	300	0
		2	20	4	2	1	0	0	0	0	0	400	0
	4	1	40	4	1	1	0	0	2	0	0	400	0
		2	30	5	2	2	0	0	3	0	0	600	0
		3	50	3	1	1	0	0	1	0	0	300	0
	5	1	40	4	1	1	0	0	2	0	0	400	0
		2	30	5	2	2	0	0	1	0	0	600	0
		3	50	3	1	1	0	0	3	0	0	300	0
	6	1	30	3	1	0	0	0	1	0	0	200	30
		2	20	4	2	0	0	0	1	0	0	300	40
	7	1	30	3	1	0	0	0	1	0	0	200	30
		2	20	4	2	0	0	0	1	0	0	300	40
	8	1	50	0	0	0	0	0	2	0	0	0	0
		2	40	0	0	0	0	0	3	0	0	0	0
	9	1	50	5	2	2	0	0	1	0	0	600	0
		2	40	6	3	2	0	0	1	0	0	800	0
		3	60	4	1	1	0	0	2	0	0	400	0
	10	1	30	3	1	0	0	2	1	240	0	360	0
		2	20	4	2	0	0	2	2	200	0	240	0
		3	40	2	1	0	0	1	1	160	0	320	0
	11	1	40	2	0	0	0	0	0	0	0	0	0
		2	50	1	0	0	0	0	0	0	0	0	0
	12	1	40	3	1	0	1	0	1	0	20	100	0
		2	30	4	2	0	2	0	1	0	25	70	0
	13	1	30	3	2	0	2	0	1	0	80	0	0
		2	40	2	1	0	1	0	1	0	100	0	0
	14	1	30	2	2	0	0	1	1	150	0	240	0
		2	20	3	1	0	0	2	1	200	0	180	0
	15	1	40	2	0	0	0	0	0	0	0	0	0
		2	50	1	0	0	0	0	0	0	0	0	0
	16	1	40	3	1	0	1	0	1	0	15	80	0
		2	30	4	2	0	2	0	2	0	20	90	0
	17	1	30	3	2	0	2	0	0	0	50	0	0
		2	40	2	1	0	1	0	0	0	70	0	0
	18	1	30	2	1	0	1	1	1	130	0	180	0
		2	20	3	2	0	2	2	2	150	0	140	0
	19	1	40	2	0	0	0	0	0	0	0	0	0
		2	50	1	0	0	0	0	0	0	0	0	0
	20	1	50	5	1	0	1	0	1	0	100	600	0
		2	40	6	1	0	2	0	1	0	120	500	0
		3	60	4	1	0	1	0	1	0	80	700	0
	21	1	50	4	0	0	1	1	0	280	0	420	0
		2	40	5	0	0	2	2	0	250	0	380	0
	22	1	40	2	0	0	0	0	0	0	0	0	0
		2	50	1	0	0	0	0	0	0	0	0	0
	23	1	30	3	0	0	0	0	0	0	0	50	100
		2	20	4	0	0	0	0	0	0	0	40	120
	24	1	40	2	1	0	0	0	0	0	0	0	300
		2	30	3	1	0	0	0	0	0	0	0	250
	25	1	20	2	1	0	0	0	1	0	0	0	30
		2	15	3	1	0	0	0	1	0	0	0	20
	26	1	30	2	0	0	0	0	1	0	0	0	0
		2	25	3	0	0	0	0	1	0	0	0	0
	27	1	15	2	1	0	0	0	0	0	0	0	0
		2	10	3	1	0	0	0	0	0	0	0	0
	28	1	40	4	1	0	1	0	1	0	30	200	0
		2	30	5	2	0	2	0	2	0	40	250	0
	29	1	30	3	1	0	0	0	1	0	0	0	10
		2	20	4	2	0	0	0	2	0	0	0	15
	30	1	10	1	0	0	0	0	2	0	0	0	0
	31	1	5	2	0	0	0	0	1	0	0	0	0
	32  1   0  0   0   0   0	0   0   0   0	0	0   
************************************************************************
RESOURCEAVAILABILITIES:
  R 1  R 2  R 3  R 4  R 5  R 6  N 1  N 2  N 3  N 4
    7    3    2    2    2    3  750  350  4800 480
************************************************************************
TIMEDEPRESOURCEAVAILABILITIES:
      t       R 1       R 2       R 3       R 4       R 5       R 6
	0	6	2	1	1	1	3
	1	5	3	1	1	2	2
	2	5	3	1	2	1	3
	3	6	3	1	2	2	3
	4	6	3	1	2	2	3
	5	5	3	1	1	1	2
	6	5	3	2	1	2	3
	7	6	2	2	1	2	3
	8	5	3	2	1	2	2
	9	6	2	2	1	1	3
	10	7	2	1	2	2	3
	11	7	3	1	1	1	2
	12	6	3	2	1	2	3
	13	6	2	2	1	2	3
	14	5	3	2	2	2	3
	15	7	2	2	2	2	3
	16	6	2	2	2	2	3
	17	7	3	2	1	2	3
	18	7	2	2	1	2	3
	19	7	3	1	1	2	3
	20	6	3	2	1	2	3
	21	5	2	2	2	2	2
	22	5	2	1	1	2	3
	23	7	2	2	1	2	2
	24	6	3	2	2	2	3
	25	6	2	2	2	2	2
	26	6	2	2	1	1	3
	27	6	3	1	1	1	3
	28	5	2	2	1	1	3
	29	6	3	2	2	1	3
	30	6	3	2	1	2	3
	31	6	2	2	1	2	3
	32	7	3	1	1	1	2
	33	7	3	2	2	2	3
	34	5	3	2	1	2	3
	35	7	3	2	2	2	3
	36	5	3	1	1	2	3
	37	6	3	1	1	1	3
	38	5	2	2	2	2	2
	39	6	3	2	1	1	3
	40	6	3	2	1	2	3
	41	5	3	2	1	2	3
	42	6	2	1	1	1	2
	43	7	3	2	1	2	3
	44	6	3	1	1	1	3
	45	5	2	1	2	2	3
	46	5	2	1	1	2	3
	47	5	3	2	1	2	3
	48	7	3	2	1	2	2
	49	6	2	2	1	2	3
	50	6	3	2	1	1	3
	51	6	3	1	1	2	3
	52	6	3	2	1	2	3
	53	5	2	1	2	2	2
	54	5	3	2	1	2	3
	55	5	3	2	2	2	3
	56	7	2	2	1	1	2
	57	7	3	2	1	1	3
	58	5	3	2	2	2	3
	59	7	2	2	1	1	3
	60	5	3	2	2	2	3
	61	7	3	1	1	2	3
	62	5	3	2	1	2	2
	63	5	3	2	1	2	3
	64	6	3	1	2	1	3
	65	5	3	1	1	2	2
	66	6	3	1	2	2	3
	67	7	3	2	1	2	3
	68	7	2	1	1	2	3
	69	7	3	2	2	2	2
	70	5	3	2	1	1	3
	71	5	2	2	1	1	3
	72	6	3	1	2	2	3
	73	6	2	2	1	2	2
	74	6	3	2	2	1	3
	75	6	2	2	1	2	3
	76	5	3	1	1	2	3
	77	5	3	1	1	2	3
	78	6	3	2	1	2	3
	79	5	3	2	1	2	3
	80	7	3	2	1	2	3
	81	6	3	2	2	2	3
	82	5	3	2	1	2	3
	83	5	3	2	1	1	3
	84	5	3	1	2	2	2
	85	5	2	1	1	1	3
	86	7	3	2	1	2	2
	87	7	2	2	1	1	3
	88	7	2	2	1	1	2
	89	5	3	2	1	2	3
	90	6	2	2	1	2	3
	91	6	3	2	1	1	3
	92	5	3	1	2	2	3
	93	7	3	2	2	1	3
	94	6	3	2	1	2	2
	95	6	3	2	2	1	3
	96	7	3	2	1	1	2
	97	7	3	1	2	1	2
	98	7	2	2	1	1	3
	99	6	2	2	1	2	2
	100	6	3	2	1	1	2
	101	7	2	2	1	1	3
	102	6	3	1	2	2	3
	103	7	3	2	1	2	3
	104	7	3	2	1	2	2
	105	6	3	1	2	1	3
	106	6	3	2	1	1	3
	107	7	3	2	1	2	2
	108	7	3	1	1	2	2
	109	5	3	2	1	1	3
	110	6	2	1	1	1	3
	111	6	3	2	2	1	3
	112	7	3	1	1	2	3
	113	6	3	2	1	1	3
	114	5	2	2	2	1	2
	115	6	2	2	1	2	3
	116	7	2	2	1	2	3
	117	5	3	2	2	1	3
	118	7	2	2	2	2	3
	119	6	3	2	1	2	3
	120	7	3	2	1	2	3
	121	6	3	1	2	2	3
	122	7	2	2	2	2	3
	123	7	2	2	1	2	3
	124	5	3	2	1	1	3
	125	6	3	1	1	1	2
	126	5	2	2	2	1	3
	127	7	3	2	1	2	2
	128	5	2	1	1	1	2
	129	5	3	2	2	2	2
	130	6	3	2	2	2	3
	131	5	2	2	1	2	3
	132	5	3	1	1	2	2
	133	6	3	2	1	2	3
	134	5	2	2	1	2	2
	135	6	3	2	1	1	2
	136	7	2	2	1	2	3
	137	5	3	2	1	2	2
	138	5	3	2	1	2	3
	139	5	3	2	1	2	3
	140	7	3	2	1	2	3
	141	6	3	2	1	2	3
	142	6	3	2	1	1	2
	143	7	3	1	1	1	3
	144	5	3	2	1	2	3
	145	5	2	2	1	2	3
	146	7	3	2	1	2	3
	147	5	3	2	1	2	2
	148	6	2	2	1	1	3
	149	6	3	1	1	2	3
	150	6	2	2	2	2	2
	151	6	3	2	1	2	2
	152	7	3	2	2	2	2
	153	5	2	1	1	1	3
	154	6	3	1	1	1	3
	155	7	2	2	1	2	3
	156	7	2	2	1	2	3
	157	5	3	2	1	2	3
	158	6	2	1	1	2	3
	159	6	2	2	2	1	2
	160	5	3	2	1	2	2
	161	6	2	2	2	1	2
	162	7	2	1	1	2	3
	163	5	3	1	2	2	2
	164	7	3	1	1	1	3
	165	5	3	2	2	1	2
	166	6	3	2	1	1	3
	167	7	3	2	2	1	2
	168	6	3	1	1	2	3
	169	6	3	1	1	2	3
	170	7	3	2	1	1	2
	171	6	2	1	1	1	3
	172	6	3	2	2	1	2
	173	7	3	2	2	1	2
	174	6	3	2	2	2	3
	175	5	3	1	2	1	3
	176	5	3	1	1	2	2
	177	5	3	2	1	2	3
	178	5	3	2	1	1	3
	179	6	3	2	1	1	2
	180	5	2	2	1	2	2
	181	6	3	2	2	1	3
	182	5	3	2	1	1	3
	183	7	3	2	1	2	2
	184	5	3	2	1	2	3
	185	6	2	1	1	2	2
	186	5	3	2	1	1	3
	187	6	3	2	1	2	3
	188	7	2	1	1	2	2
	189	6	3	2	1	2	3
	190	5	3	2	1	1	3
	191	6	3	1	1	1	3
	192	5	2	2	1	2	3
	193	5	2	1	1	1	2
	194	7	2	1	1	2	3
	195	7	2	1	1	1	2
	196	5	2	2	2	2	3
	197	6	2	1	1	2	3
	198	6	3	2	1	1	2
	199	5	3	1	1	1	2
	200	6	3	1	1	1	3
	201	7	3	2	1	2	3
	202	5	3	2	2	1	3
	203	7	3	2	1	2	2
	204	5	2	2	2	2	2
	205	7	2	1	1	2	3
	206	5	3	1	1	1	2
	207	6	3	2	2	1	2
	208	5	3	2	2	1	3
	209	6	2	1	1	2	3
	210	6	2	2	2	1	3
	211	5	2	1	1	2	2
	212	7	3	2	1	1	3
	213	5	3	2	2	1	3
	214	7	3	2	1	2	3
	215	5	3	2	1	1	3
	216	6	2	2	1	2	3
	217	7	3	2	1	1	3
	218	5	3	1	1	2	3
	219	6	3	2	1	2	2
	220	7	2	2	1	2	2
	221	5	3	1	1	2	2
	222	6	2	2	1	2	2
	223	7	2	2	1	2	2
	224	7	2	2	1	2	3
	225	5	3	1	1	1	2
	226	5	3	2	1	2	3
	227	5	3	2	1	2	3
	228	6	3	1	1	1	2
	229	7	3	1	2	2	2
	230	7	3	2	2	2	2
	231	5	3	2	2	1	3
	232	5	3	1	1	2	3
	233	7	3	1	1	2	3
	234	7	3	2	1	1	3
	235	6	3	2	1	2	3
	236	7	2	2	1	2	2
	237	7	3	2	1	2	2
	238	5	2	2	1	2	3
	239	6	2	1	2	2	3
	240	5	2	2	1	2	3
	241	6	3	1	1	1	3
	242	7	2	2	1	1	2
	243	5	3	1	1	1	2
	244	6	2	1	2	2	3
	245	5	3	1	1	1	3
	246	6	3	1	2	2	3
	247	7	3	2	2	2	2
	248	5	3	2	1	2	3
	249	7	3	1	1	2	3
	250	7	3	1	1	2	3
	251	5	3	1	1	2	3
	252	5	3	2	1	1	2
	253	6	2	1	2	2	3
	254	6	3	2	1	1	3
	255	5	3	2	2	1	3
	256	6	3	2	2	1	2
	257	6	3	2	1	1	2
	258	6	2	1	1	2	2
	259	7	2	1	1	2	2
	260	6	3	1	1	2	3
	261	6	3	2	1	1	2
	262	7	3	2	1	2	2
	263	7	3	2	2	2	2
	264	6	2	2	1	1	2
	265	5	3	2	2	2	2
	266	7	3	1	2	2	3
	267	5	2	1	1	2	3
	268	5	2	1	1	1	2
	269	7	2	2	2	2	2
	270	6	3	1	2	2	3
	271	7	3	2	2	2	2
	272	6	3	2	1	1	3
	273	5	2	1	1	2	3
	274	6	3	2	1	2	3
	275	5	2	1	1	2	2
	276	6	3	2	2	2	2
	277	6	3	1	1	2	3
	278	5	2	2	2	1	3
	279	7	2	1	1	2	2
	280	6	3	2	1	2	3
	281	7	3	1	1	2	3
	282	5	3	2	2	1	3
	283	6	2	1	1	1	3
	284	5	3	2	1	2	2
	285	6	2	2	1	1	3
	286	7	2	2	2	2	3
	287	6	3	2	2	2	3
	288	6	3	2	1	1	3
	289	6	3	2	2	2	2
	290	7	3	2	1	2	3
	291	5	3	2	1	1	2
	292	7	2	2	2	2	3
	293	7	3	1	1	2	2
	294	7	2	1	1	2	3
	295	7	3	1	1	2	3
	296	5	2	1	1	2	2
	297	5	3	1	2	2	3
	298	7	3	1	2	1	2
	299	6	2	2	2	2	3
	300	5	2	2	1	2	3
	301	7	3	1	1	1	3
	302	7	3	1	2	1	2
	303	7	3	1	1	1	3
	304	5	2	1	1	2	2
	305	7	3	2	2	1	3
	306	6	2	2	1	2	2
	307	7	2	2	1	2	3
	308	6	3	2	1	1	2
	309	6	2	2	1	2	3
	310	7	3	2	1	2	2
	311	5	2	2	1	2	3
	312	5	2	2	1	1	2
	313	5	2	1	2	2	3
	314	6	3	1	1	2	3
	315	7	2	2	2	2	2
	316	7	2	2	1	2	2
	317	7	2	2	1	2	3
	318	7	3	2	1	2	3
	319	6	3	2	1	2	3
	320	7	2	1	1	2	3
	321	5	2	1	1	2	2
	322	7	3	2	1	2	3
	323	7	2	2	1	1	2
	324	5	3	2	1	2	3
	325	7	3	2	1	2	3
	326	5	2	2	2	2	3
	327	5	3	2	1	1	3
	328	6	3	1	2	2	3
	329	5	3	2	2	2	2
	330	7	3	2	2	1	2
	331	5	3	2	1	2	3
	332	7	3	2	2	1	3
	333	6	3	2	1	2	2
	334	7	3	1	1	2	3
	335	5	3	1	2	2	2
	336	5	3	2	2	1	3
	337	6	2	2	2	2	2
	338	6	3	1	1	2	2
	339	6	3	2	1	1	2
	340	7	3	1	2	2	3
	341	6	3	2	1	2	3
	342	6	3	1	2	2	2
	343	5	3	2	1	1	3
	344	7	2	1	1	2	2
	345	6	3	2	2	1	3
	346	6	3	2	2	1	2
	347	5	2	2	2	2	3
	348	5	3	2	2	2	3
	349	6	2	1	2	2	3
	350	7	3	1	1	1	2
	351	7	2	2	1	2	3
	352	6	2	2	2	2	2
	353	6	3	2	1	2	3
	354	6	3	2	1	1	2
	355	5	2	2	2	1	3
	356	7	3	2	2	2	3
	357	7	2	1	1	2	3
	358	5	2	1	2	1	2
	359	7	2	2	1	2	3
	360	7	3	1	1	2	3
	361	6	3	1	2	2	3
	362	7	2	2	1	2	2
	363	5	3	2	2	1	3
	364	6	2	2	1	2	3
	365	6	3	1	2	2	3
	366	6	3	2	1	1	3
	367	5	3	2	1	2	2
	368	5	2	1	1	1	3
	369	5	3	1	1	2	3
	370	7	2	2	1	1	3
	371	7	3	1	1	2	3
	372	5	3	2	2	2	3
	373	7	3	2	1	2	2
	374	6	2	2	1	1	3
	375	5	2	2	2	2	3
	376	6	3	1	2	2	3
	377	5	3	2	2	2	3
	378	6	3	2	1	2	2
	379	6	3	2	1	2	3
	380	7	3	1	1	2	2
	381	6	3	1	2	2	2
	382	6	2	2	2	1	3
	383	5	3	2	2	1	3
	384	5	3	1	2	2	3
	385	7	3	2	2	2	3
	386	6	2	1	2	1	2
	387	7	2	1	2	2	3
	388	6	3	1	1	2	3
	389	6	3	2	1	1	3
	390	6	3	2	2	2	2
	391	6	3	2	2	2	3
	392	7	3	2	1	1	3
	393	7	3	1	2	2	3
	394	7	3	2	2	1	2
	395	5	3	2	1	1	2
	396	7	3	2	2	2	2
	397	7	2	1	1	2	3
	398	6	3	2	2	2	3
	399	7	2	1	1	2	3
	400	7	2	2	1	2	3
	401	5	3	1	1	2	2
	402	6	2	2	1	1	3
	403	7	3	2	2	2	3
	404	5	2	2	1	1	3
	405	5	3	1	1	2	3
	406	6	3	2	2	1	3
	407	6	3	1	1	1	3
	408	6	3	2	1	1	3
	409	6	3	2	2	1	2
	410	6	3	1	2	1	3
	411	5	2	2	1	2	3
	412	7	3	2	1	2	3
	413	5	3	2	1	1	2
	414	5	3	2	2	1	3
	415	5	2	1	1	2	3
	416	5	2	2	2	2	3
	417	5	2	2	2	1	2
	418	6	2	2	1	2	3
	419	5	3	2	1	2	3
	420	5	2	1	1	2	3
	421	5	2	2	1	2	3
	422	5	3	1	1	1	2
	423	6	3	2	2	2	3
	424	5	3	2	1	2	2
	425	6	3	1	1	1	2
	426	6	3	2	1	1	3
	427	5	2	2	2	2	3
	428	6	2	1	2	2	3
	429	5	3	1	1	1	3
	430	6	2	2	1	1	2
	431	7	2	2	2	2	3
	432	6	3	1	1	1	3
	433	6	3	2	1	2	2
	434	5	3	1	2	1	3
	435	5	3	2	1	2	2
	436	5	3	2	1	2	2
	437	5	3	1	1	1	3
	438	5	3	2	1	1	3
	439	6	3	2	1	1	2
	440	6	3	2	1	1	3
	441	5	3	2	2	1	3
	442	5	2	2	2	2	3
	443	7	2	2	2	1	3
	444	6	2	1	1	1	2
	445	7	2	2	1	2	3
	446	6	3	1	1	2	2
	447	6	3	2	2	1	3
	448	5	2	1	1	2	3
	449	6	3	2	2	1	2
	450	6	3	1	2	2	2
	451	6	2	2	1	1	3
	452	7	2	1	1	2	3
	453	6	3	1	2	1	3
	454	6	2	1	1	2	3
	455	7	2	2	1	2	2
	456	7	3	1	1	1	3
	457	5	3	2	1	1	3
	458	6	3	2	1	2	2
	459	6	3	2	1	2	3
	460	5	2	2	2	2	3
	461	7	3	2	2	2	3
	462	7	2	2	1	2	3
	463	5	2	2	1	2	2
	464	5	3	2	1	1	3
	465	7	3	2	1	1	2
	466	6	3	2	1	2	3
	467	7	3	1	2	2	2
	468	6	2	1	1	2	3
	469	5	3	2	1	2	2
	470	6	3	2	1	2	3
	471	5	3	1	1	1	3
	472	5	2	1	1	1	2
	473	6	2	1	2	2	3
	474	5	3	1	1	1	2
	475	7	3	2	1	2	3
	476	7	3	1	2	1	3
	477	5	2	2	1	2	2
	478	5	3	2	2	1	3
	479	7	3	2	1	2	3
	480	7	3	1	1	2	2
	481	6	3	2	1	2	3
	482	7	3	2	2	1	3
	483	7	3	2	2	2	3
	484	6	3	2	2	2	2
	485	7	2	2	1	2	2
	486	6	3	2	2	1	3
	487	7	3	1	1	2	3
	488	5	3	1	1	1	3
	489	6	2	2	2	2	3
	490	6	2	2	1	1	3
	491	6	3	2	1	2	3
	492	7	3	2	1	1	2
	493	6	3	2	1	2	2
	494	6	3	2	1	1	3
	495	6	2	1	1	2	2
	496	6	2	2	1	1	2
	497	5	3	2	1	1	3
	498	5	2	2	1	2	3
	499	7	3	1	1	2	3
	500	5	3	2	2	2	3
	501	6	3	2	2	2	3
	502	6	3	2	1	1	3
	503	5	3	2	2	2	2
	504	6	3	2	1	2	3
	505	5	3	2	2	2	3
	506	5	3	2	1	2	3
	507	7	3	1	2	2	3
	508	5	3	1	1	2	3
	509	7	3	2	1	2	2
	510	5	3	2	1	1	2
	511	6	2	2	1	2	2
	512	5	2	2	1	2	3
	513	6	3	2	1	2	3
	514	7	3	2	1	2	2
	515	6	2	1	2	2	3
	516	5	3	2	1	2	2
	517	6	2	2	2	1	3
	518	6	3	2	1	2	3
	519	7	3	2	2	2	3
	520	7	3	2	1	2	2
	521	5	3	2	2	1	2
	522	6	3	2	2	1	3
	523	5	2	2	2	1	3
	524	7	3	2	2	1	3
	525	6	3	2	2	2	2
	526	5	3	2	2	2	3
	527	7	3	2	2	1	3
	528	5	2	2	2	2	3
	529	5	2	1	1	2	2
	530	7	3	1	2	2	3
	531	6	2	2	1	1	3
	532	5	3	2	2	2	3
	533	6	3	2	2	1	3
	534	7	3	2	2	2	2
	535	7	3	1	1	2	3
	536	6	2	2	1	2	3
	537	7	3	2	1	2	3
	538	6	2	1	1	2	3
	539	5	2	1	1	2	2
	540	6	3	2	1	2	3
	541	7	2	2	1	1	3
	542	7	3	1	2	2	3
	543	5	3	2	2	1	3
	544	6	3	1	1	2	3
	545	7	3	2	1	2	3
	546	7	2	2	1	2	3
	547	6	3	2	2	2	3
	548	5	3	2	2	2	3
	549	6	3	2	1	2	3
	550	6	3	2	1	2	3
	551	6	2	1	1	1	3
	552	6	3	2	1	2	3
	553	5	3	1	2	2	3
	554	7	3	1	1	2	3
	555	6	2	1	1	1	3
	556	5	3	2	1	2	3
	557	6	3	1	1	2	2
	558	5	3	2	1	2	3
	559	7	3	2	1	2	3
	560	6	2	1	1	2	3
	561	7	3	1	2	2	3
	562	7	3	2	1	2	3
	563	7	3	2	1	1	3
	564	6	3	2	1	1	3
	565	5	3	2	1	2	3
	566	7	3	2	1	2	3
	567	7	3	2	1	2	3
	568	7	3	2	1	2	2
	569	6	3	2	1	2	3
	570	7	2	1	2	1	2
	571	5	2	2	2	2	3
	572	6	2	2	1	2	3
	573	5	3	2	1	2	2
	574	7	3	2	1	1	2
	575	5	2	1	2	2	3
	576	7	2	2	2	1	3
	577	5	3	1	1	1	2
	578	5	3	2	2	1	3
	579	5	3	2	2	1	3
	580	5	3	2	2	2	3
	581	7	2	1	2	2	3
	582	7	3	2	2	1	3
	583	7	3	1	2	1	3
	584	5	2	2	2	2	3
	585	6	2	1	1	2	3
	586	5	3	2	1	2	2
	587	5	2	2	1	2	3
	588	7	3	1	2	2	3
	589	7	3	2	1	1	3
	590	6	3	2	1	2	2
	591	7	2	2	2	1	2
	592	7	3	1	1	2	2
	593	5	2	2	1	2	3
	594	6	3	2	1	2	2
	595	5	2	2	1	1	2
	596	6	3	2	2	2	2
	597	6	3	2	1	1	2
	598	7	3	2	1	1	2
	599	7	3	2	1	2	2
	600	7	3	2	2	2	3
	601	5	2	2	2	2	3
	602	6	3	1	1	1	3
	603	5	3	2	1	2	3
	604	5	2	2	1	2	2
	605	5	3	2	1	2	2
	606	5	3	2	1	2	3
	607	7	3	2	1	2	2
	608	5	3	2	1	2	3
	609	7	3	2	1	2	3
	610	5	2	2	1	1	3
	611	6	3	1	1	2	2
	612	6	2	2	1	2	2
	613	5	3	2	1	1	3
	614	5	3	1	1	1	3
	615	5	2	2	1	2	3
	616	7	3	1	2	2	3
	617	7	2	2	1	1	2
	618	6	2	2	1	1	3
	619	5	2	2	2	2	3
	620	6	2	1	1	2	3
	621	6	2	2	2	2	3
	622	7	3	2	1	2	3
	623	7	3	1	1	2	3
	624	7	2	2	1	2	3
	625	7	3	1	1	1	3
	626	6	3	1	1	2	2
	627	7	2	2	2	2	2
	628	6	3	2	1	2	3
	629	6	2	1	1	1	3
	630	5	3	2	1	2	3
	631	5	2	2	1	2	2
	632	7	2	2	1	2	3
	633	6	3	1	1	1	2
	634	5	2	2	2	2	3
	635	5	3	2	1	2	3
	636	6	3	1	1	1	3
	637	5	3	2	1	1	2
	638	5	3	2	1	2	3
	639	5	2	2	2	2	3
	640	5	3	2	1	1	3
	641	5	3	2	1	2	2
	642	5	3	2	2	2	2
	643	7	3	2	1	2	3
	644	6	3	2	1	2	2
	645	7	3	2	1	2	3
	646	5	3	2	2	2	3
	647	6	2	1	2	2	2
	648	7	3	1	1	2	3
	649	6	2	1	1	2	2
	650	6	2	1	1	1	3
	651	6	3	1	2	2	2
	652	6	3	2	2	2	3
	653	6	2	2	1	1	2
	654	6	3	1	2	2	3
	655	6	2	1	1	2	3
	656	6	2	2	1	2	3
	657	6	2	1	1	1	2
	658	7	2	2	2	2	3
	659	6	3	1	2	2	3
	660	5	3	2	2	2	3
	661	6	3	1	2	2	3
	662	5	3	1	1	2	3
	663	7	3	1	1	1	3
	664	6	2	2	1	2	3
	665	5	3	2	1	1	2
	666	5	3	1	1	2	2
	667	7	3	1	2	2	2
	668	5	2	2	2	1	3
	669	7	3	2	1	2	3
	670	5	2	2	1	2	3
	671	6	3	2	1	2	3
	672	6	2	1	2	2	2
	673	7	3	1	2	1	2
	674	5	3	2	1	1	2
	675	6	2	2	1	2	2
	676	6	2	2	2	2	3
	677	5	3	2	1	2	3
	678	5	3	2	1	2	2
	679	7	3	1	2	1	2
	680	5	3	2	2	2	3
	681	5	3	2	1	1	3
	682	6	3	2	1	1	2
	683	7	3	2	2	2	3
	684	6	3	2	2	2	3
	685	6	3	2	2	2	3
	686	5	3	2	1	2	3
	687	6	2	1	1	2	3
	688	5	2	2	1	1	3
	689	6	3	2	1	2	3
	690	6	3	2	2	1	3
	691	7	3	2	1	2	2
	692	7	3	2	1	1	3
	693	6	3	1	1	1	2
	694	5	3	2	1	2	3
	695	5	3	2	1	1	2
	696	5	2	2	1	2	3
	697	6	3	1	1	2	3
	698	7	3	1	2	2	3
	699	7	3	2	2	2	3
	700	6	3	1	1	1	3
	701	7	3	2	1	2	2
	702	5	2	2	1	2	3
	703	5	3	2	2	2	3
	704	6	2	1	2	2	2
	705	6	3	2	2	2	2
	706	7	3	2	1	2	3
	707	5	3	2	2	1	2
	708	7	2	2	2	1	3
	709	5	2	2	1	2	3
	710	6	2	2	1	2	2
	711	6	3	1	1	1	3
	712	6	2	1	2	2	3
	713	5	2	2	1	2	3
	714	7	3	2	1	1	3
	715	7	3	1	1	2	3
	716	6	3	1	1	1	2
	717	5	3	2	1	2	2
	718	6	3	2	2	2	3
	719	7	3	2	1	1	3
	720	7	3	2	2	2	3
	721	6	3	2	1	2	2
	722	6	3	2	1	2	3
	723	7	2	1	2	2	3
	724	6	3	2	1	2	3
	725	5	3	2	1	1	3
	726	5	2	2	1	2	2
	727	7	3	2	1	1	3
	728	7	2	2	2	2	3
	729	7	3	2	1	2	3
	730	5	3	1	1	2	3
	731	6	2	1	2	2	3
	732	7	2	2	1	1	3
	733	6	3	2	1	2	3
	734	5	3	2	2	1	3
	735	7	2	2	2	2	2
	736	5	2	2	1	2	3
	737	6	3	2	1	1	3
	738	7	3	1	1	2	2
	739	5	3	2	1	2	3
	740	7	3	1	2	2	3
	741	5	3	1	1	2	2
	742	5	3	2	2	1	3
	743	6	2	2	2	2	3
	744	5	2	2	1	2	3
	745	6	3	2	1	2	2
	746	7	3	2	1	1	3
	747	7	3	2	2	2	2
	748	5	2	2	1	2	2
	749	7	3	1	2	2	3
	750	6	2	1	1	1	2
	751	7	2	2	1	1	3
	752	6	3	2	1	2	2
	753	6	2	1	2	2	3
	754	6	3	1	2	2	3
	755	5	3	2	2	2	3
	756	7	2	2	1	2	2
	757	5	3	2	1	1	3
	758	6	3	2	1	2	3
	759	7	2	2	2	2	2
	760	5	3	2	2	1	2
	761	6	3	2	1	2	2
	762	6	3	1	1	1	3
	763	5	2	2	2	2	3
	764	6	2	2	1	2	3
	765	7	3	1	1	2	3
	766	7	3	2	2	2	3
	767	7	3	2	2	2	3
	768	7	2	2	1	2	3
	769	5	3	1	1	1	3
	770	7	3	2	1	2	2
	771	7	2	2	1	1	2
	772	7	3	1	2	2	3
	773	7	3	2	1	1	3
	774	5	2	1	2	1	2
	775	7	3	1	1	2	3
	776	7	2	1	1	2	3
	777	5	3	1	2	2	3
	778	6	3	1	2	1	3
	779	5	3	2	1	2	2
	780	6	3	2	2	1	3
	781	5	2	2	1	2	3
	782	5	3	1	2	1	3
	783	6	3	2	1	2	3
	784	5	2	2	2	1	2
	785	7	3	1	1	1	3
	786	5	3	2	2	2	3
	787	7	3	2	2	1	3
	788	7	2	2	1	2	3
	789	6	3	2	2	1	2
	790	5	3	2	2	1	2
	791	5	3	2	1	2	3
	792	6	2	2	1	1	2
	793	6	2	2	1	2	3
	794	6	3	2	1	1	2
	795	5	2	2	1	1	3
	796	7	3	2	2	1	3
	797	6	2	1	1	2	3
	798	6	3	2	2	2	3
	799	7	2	1	2	1	3
	800	6	3	1	1	2	2
	801	6	3	2	1	1	3
	802	6	3	1	1	2	3
	803	7	3	1	1	2	3
	804	6	2	1	1	2	2
	805	6	2	2	1	2	3
	806	7	3	1	1	2	3
	807	7	3	2	2	1	3
	808	6	3	2	1	1	3
	809	5	2	1	2	1	2
	810	7	3	1	1	2	2
	811	5	3	2	1	2	3
	812	6	3	2	1	2	3
	813	7	3	2	1	2	3
	814	7	3	2	1	2	3
	815	5	3	1	2	1	3
	816	7	3	2	2	2	3
	817	5	3	1	1	2	3
	818	7	2	2	1	1	3
	819	5	3	2	1	1	3
	820	5	3	1	2	1	2
	821	7	2	2	2	2	2
	822	6	3	2	1	2	2
	823	7	3	2	1	2	3
	824	5	3	2	2	1	3
	825	6	2	2	1	2	2
	826	6	2	2	2	1	2
	827	7	3	2	1	2	3
	828	6	3	1	2	2	2
	829	6	2	1	1	1	3
	830	6	3	1	1	1	3
	831	5	2	1	1	2	3
	832	5	3	1	1	2	3
	833	5	3	1	1	1	3
	834	6	3	2	1	2	3
	835	5	2	1	1	1	3
	836	7	3	2	2	1	3
	837	5	2	2	1	2	3
	838	7	2	2	1	1	3
	839	5	2	2	2	1	3
	840	5	2	2	2	2	2
	841	6	3	2	1	2	3
	842	6	3	1	1	1	3
	843	7	2	1	1	1	2
	844	7	2	2	1	1	3
	845	5	3	2	1	2	3
	846	5	3	1	1	2	3
	847	7	3	2	1	1	3
	848	7	2	2	2	2	3
	849	7	2	2	1	2	2
	850	7	2	1	1	2	2
	851	5	3	1	1	2	3
	852	5	3	2	2	1	3
	853	5	3	2	1	2	2
	854	6	3	2	2	2	3
	855	5	3	1	1	1	3
	856	7	3	2	1	2	3
	857	6	3	2	1	1	3
	858	6	3	2	1	1	3
	859	7	2	1	1	1	3
	860	7	2	1	2	2	3
	861	6	3	1	1	1	3
	862	7	3	1	2	2	3
	863	6	3	1	1	1	3
	864	7	2	2	1	2	2
	865	6	2	1	1	2	3
	866	6	3	1	1	2	3
	867	6	3	2	2	1	3
	868	5	2	1	2	2	3
	869	7	3	1	2	2	3
	870	5	2	1	1	1	2
	871	6	3	1	1	2	3
	872	7	3	2	2	2	3
	873	7	3	1	1	2	2
	874	6	2	2	1	1	3
	875	6	3	2	1	1	2
	876	6	3	2	2	2	3
	877	5	2	1	1	1	3
	878	6	3	2	2	2	2
	879	5	2	2	2	2	3
	880	5	3	2	2	2	2
	881	6	3	2	2	2	3
	882	5	2	2	2	1	2
	883	5	3	2	1	2	3
	884	6	2	2	1	2	3
	885	5	3	2	1	2	2
	886	5	3	2	2	1	2
	887	5	3	1	1	2	3
	888	6	2	2	1	2	3
	889	6	3	1	1	1	2
	890	6	3	2	2	1	2
	891	7	2	1	1	2	2
	892	6	2	2	2	1	3
	893	7	2	2	2	2	3
	894	5	3	2	2	2	3
	895	6	3	1	2	2	3
	896	6	2	1	1	2	3
	897	5	2	2	1	2	3
	898	5	3	1	2	1	3
	899	6	3	1	1	2	3
	900	5	3	1	1	2	3
	901	5	2	2	1	1	3
	902	6	3	1	1	2	2
	903	7	2	1	2	2	3
	904	6	3	2	2	1	3
	905	5	2	2	2	2	3
	906	7	2	2	1	1	3
	907	7	2	2	2	2	3
	908	7	3	2	2	1	3
	909	5	3	2	1	1	2
	910	6	3	1	1	2	3
	911	7	3	2	1	2	3
	912	6	3	1	2	2	3
	913	5	3	2	1	1	2
	914	5	2	2	2	2	3
	915	7	3	2	2	2	3
	916	6	3	1	1	1	2
	917	6	3	2	2	1	3
	918	7	3	1	2	2	3
	919	6	2	1	1	2	3
	920	7	3	2	1	2	2
	921	5	3	1	1	1	3
	922	6	3	2	2	1	3
	923	5	2	2	1	2	2
	924	5	3	1	2	1	3
	925	7	3	1	1	2	3
	926	7	3	2	2	2	3
	927	6	3	1	1	2	3
	928	7	3	2	1	2	2
	929	6	2	2	1	1	3
	930	6	3	2	1	1	3
	931	7	3	1	1	2	3
	932	5	3	2	2	2	3
	933	7	3	1	2	2	3
	934	5	2	1	2	2	3
	935	6	3	2	1	1	3
	936	6	3	1	1	1	2
	937	7	3	2	1	2	2
	938	6	2	1	2	1	3
	939	6	2	2	1	2	3
	940	5	3	2	2	1	3
	941	6	3	2	2	2	3
	942	5	2	2	1	2	3
	943	7	2	2	1	1	3
	944	7	3	1	1	2	2
	945	7	3	2	1	2	3
	946	5	2	2	1	2	3
	947	7	2	1	1	2	3
	948	5	3	2	1	2	3
	949	5	3	2	1	2	2
	950	6	3	1	1	1	3
	951	7	3	2	1	2	3
	952	5	3	1	2	1	3
	953	7	3	1	2	2	2
	954	5	3	2	2	2	3
	955	5	2	2	1	2	2
	956	5	2	2	2	2	3
	957	5	3	2	1	2	3
	958	7	3	2	1	1	3
	959	7	3	2	2	1	2
	960	6	2	1	1	2	3
	961	6	3	2	1	1	3
	962	5	2	2	1	1	3
	963	7	3	2	1	1	3
	964	5	2	1	1	2	3
	965	5	3	2	1	1	2
	966	5	3	1	1	1	3
	967	6	2	2	2	1	3
	968	7	2	2	2	2	3
	969	5	2	2	1	2	3
	970	6	3	1	1	2	2
	971	7	3	2	1	1	2
	972	5	3	1	2	2	3
	973	5	2	2	1	1	3
	974	5	2	2	2	2	3
	975	7	2	2	1	2	2
	976	7	3	2	1	2	3
	977	6	3	2	1	2	3
	978	6	3	2	1	1	2
	979	7	2	2	1	2	2
	980	5	2	2	1	2	2
	981	7	3	2	1	1	3
	982	6	2	1	2	1	3
	983	6	3	2	1	1	3
	984	7	3	2	1	2	2
	985	7	3	2	1	2	3
	986	7	3	1	1	2	3
	987	6	3	2	2	2	3
	988	6	3	2	1	2	3
	989	7	3	2	1	2	2
	990	7	3	1	1	2	3
	991	5	3	1	1	2	2
	992	7	3	2	2	2	3
	993	5	3	2	2	2	2
	994	5	3	2	1	2	3
	995	7	2	2	1	2	3
	996	7	3	2	2	1	2
	997	6	2	2	1	1	3
	998	5	2	2	1	2	3
	999	5	3	1	1	2	3
	1000	6	3	2	2	1	3
	1001	5	3	2	1	2	2
	1002	6	3	2	1	1	3
	1003	5	3	2	2	2	2
	1004	5	3	1	2	2	3
	1005	6	3	2	2	2	2
	1006	5	3	2	1	2	3
	1007	5	3	2	1	1	3
	1008	5	2	2	1	2	3
	1009	5	3	1	2	2	3
	1010	6	3	1	1	2	3
	1011	5	3	2	2	2	3
	1012	6	3	2	1	2	3
	1013	6	3	1	2	1	3
	1014	5	2	2	1	2	3
	1015	7	3	2	2	1	3
	1016	5	3	2	1	2	3
	1017	5	3	1	2	1	3
	1018	6	3	2	1	2	3
	1019	7	2	2	2	2	3
	1020	7	2	1	1	1	2
	1021	5	3	1	2	2	3
	1022	7	2	2	1	1	3
	1023	6	3	1	1	2	3
	1024	5	3	2	2	2	2
	1025	5	3	1	1	1	2
	1026	5	2	2	1	1	3
	1027	6	2	2	1	1	3
	1028	6	3	2	2	2	3
	1029	6	3	2	2	1	3
	1030	6	3	1	2	2	3
	1031	6	3	2	2	2	3
	1032	7	3	2	2	2	3
	1033	5	2	1	1	1	2
	1034	6	2	1	1	2	3
	1035	6	3	2	2	2	2
	1036	7	3	1	2	2	2
	1037	7	3	1	1	2	3
	1038	6	3	2	1	2	3
	1039	5	2	2	2	2	2
	1040	7	3	2	1	1	3
	1041	6	2	2	1	2	3
	1042	5	2	2	2	1	2
	1043	5	2	2	2	2	3
	1044	5	3	1	2	2	2
	1045	6	2	1	1	2	3
	1046	7	3	2	1	1	2
	1047	5	3	2	1	2	2
	1048	5	3	2	1	2	3
	1049	5	3	1	2	1	3
	1050	6	2	2	1	2	3
	1051	7	2	1	1	2	3
	1052	6	3	1	2	2	2
	1053	6	3	2	2	2	2
	1054	5	2	2	1	1	3
	1055	5	2	2	1	2	3
	1056	5	3	1	1	2	3
	1057	5	3	2	2	2	2
	1058	6	2	2	1	1	2
	1059	7	2	1	1	2	2
	1060	5	2	1	1	1	3
	1061	6	3	2	2	2	2
	1062	5	3	2	2	2	3
	1063	6	3	1	2	2	2
	1064	7	3	1	1	1	2
	1065	5	3	2	2	2	3
	1066	7	2	2	1	2	3
	1067	5	3	2	1	2	2
	1068	6	2	1	1	1	3
	1069	7	3	1	2	1	3
	1070	7	3	2	2	2	3
	1071	7	3	2	1	2	2
	1072	5	3	2	1	2	3
	1073	5	3	1	1	1	3
	1074	7	3	2	1	2	3
	1075	5	3	1	1	2	3
	1076	5	3	2	2	2	3
	1077	5	3	1	1	1	3
	1078	7	3	2	2	1	2
	1079	7	3	2	2	1	2
	1080	6	2	1	1	2	2
	1081	6	3	2	1	2	3
	1082	6	2	1	2	2	3
	1083	6	3	2	2	1	3
	1084	6	3	2	2	2	3
	1085	6	2	2	1	2	3
	1086	7	3	2	1	2	3
	1087	7	3	2	2	1	3
	1088	7	3	2	1	2	3
	1089	6	3	2	1	2	2
	1090	7	3	2	2	2	3
	1091	5	3	2	2	2	2
	1092	5	2	2	1	1	3
	1093	6	2	2	1	2	3
	1094	5	3	2	1	2	2
	1095	5	2	2	1	2	2
	1096	5	3	2	2	1	3
	1097	7	2	2	1	2	3
	1098	5	2	2	1	2	3
	1099	6	3	1	2	2	3
	1100	5	3	2	1	1	3
	1101	7	3	2	2	2	2
	1102	5	3	2	1	1	3
	1103	5	3	2	1	2	3
	1104	5	3	2	1	1	2
	1105	5	3	2	1	2	3
	1106	7	3	2	1	1	3
	1107	5	3	2	1	2	3
	1108	7	3	2	1	2	2
	1109	7	3	1	2	2	3
	1110	5	3	2	2	2	2
	1111	6	3	1	1	2	3
	1112	6	3	1	1	2	2
	1113	7	3	1	2	1	3
	1114	5	3	1	1	2	3
	1115	6	3	2	1	2	3
	1116	6	3	2	1	1	2
	1117	7	2	1	1	2	2
	1118	5	2	1	1	1	2
	1119	6	2	2	1	2	3
************************************************************************
RESOURCECOSTS:
      t       R 1       R 2       R 3       R 4       R 5       R 6       N 1       N 2       N 3       N 4
	0	150.02	125.21	200.12	350.63	224.59	300.03	125.17	849.86	1.40	14.01
	1	150.03	124.87	200.02	350.44	225.29	300.06	124.84	851.50	1.39	14.02
	2	150.05	125.24	199.88	350.45	224.96	300.10	125.34	851.00	1.40	14.01
	3	150.06	125.28	200.18	350.79	224.63	300.13	124.63	849.75	1.40	13.98
	4	150.08	124.81	200.41	349.67	224.58	300.16	125.01	854.21	1.40	14.01
	5	187.62	124.74	200.58	349.84	224.67	375.24	124.70	851.48	1.40	14.01
	6	187.64	125.15	200.25	350.03	225.12	375.28	125.11	850.92	1.40	13.99
	7	150.13	125.35	200.03	349.76	224.88	300.26	124.81	851.30	1.40	14.01
	8	150.15	125.32	200.38	350.42	225.06	300.29	125.54	850.84	1.40	13.97
	9	150.16	124.83	200.04	350.26	224.64	300.32	124.63	850.42	1.40	14.00
	10	150.18	124.92	200.35	350.94	224.79	300.35	125.20	848.95	1.40	13.99
	11	150.19	125.15	200.44	349.91	225.38	300.39	125.49	851.12	1.40	14.03
	12	187.76	125.25	200.18	349.93	224.88	375.52	124.88	849.09	1.40	14.02
	13	187.78	125.28	200.13	350.39	225.87	375.56	124.49	849.94	1.40	14.03
	14	150.24	125.15	199.89	350.33	224.96	300.48	125.41	850.75	1.40	14.00
	15	150.26	125.13	200.44	350.37	225.44	300.52	125.44	847.77	1.40	14.04
	16	150.27	125.21	200.72	350.86	225.52	300.55	124.64	849.58	1.40	14.04
	17	150.29	125.04	200.26	350.74	225.39	300.58	125.09	847.75	1.40	14.03
	18	150.31	125.17	200.06	350.49	225.77	300.61	125.33	849.20	1.40	14.00
	19	187.90	124.96	200.36	351.10	225.49	375.81	124.80	850.26	1.40	14.03
	20	187.92	125.25	200.85	350.49	225.28	375.85	125.41	852.08	1.40	14.02
	21	150.36	125.00	200.59	350.40	224.79	300.71	125.05	850.53	1.41	14.01
	22	150.37	125.28	199.81	351.17	225.88	300.74	125.12	853.00	1.40	14.00
	23	150.39	125.39	200.61	349.80	225.48	300.77	125.21	847.94	1.40	14.03
	24	150.40	125.10	200.58	349.84	225.60	300.81	124.92	851.67	1.40	14.01
	25	150.42	125.23	200.46	350.80	224.76	300.84	124.97	850.08	1.40	13.99
	26	188.04	125.20	200.65	350.80	225.75	376.09	125.48	848.02	1.40	14.01
	27	188.06	125.23	200.24	350.80	225.88	376.13	125.20	850.73	1.40	14.03
	28	150.47	125.02	200.79	350.80	224.88	300.94	125.09	848.92	1.40	14.02
	29	150.48	125.27	200.24	349.75	225.35	300.97	125.27	849.96	1.40	13.97
	30	150.50	124.75	200.41	350.61	225.75	301.00	125.14	849.49	1.40	14.02
	31	150.52	125.44	200.33	351.11	225.38	301.03	125.46	852.93	1.40	14.01
	32	150.53	125.45	200.69	351.20	225.33	301.07	125.02	849.98	1.40	14.01
	33	188.19	125.64	200.75	350.25	225.28	376.37	125.13	849.16	1.40	14.03
	34	188.21	125.25	200.79	350.40	225.48	376.41	126.03	852.08	1.40	14.06
	35	150.58	125.34	200.17	349.95	225.43	301.16	125.12	850.01	1.40	14.03
	36	150.60	125.43	200.00	351.75	226.17	301.20	125.10	851.30	1.40	14.05
	37	150.61	125.37	200.52	350.05	225.59	301.23	124.89	852.07	1.41	14.03
	38	150.63	125.27	200.50	351.67	225.78	301.26	124.92	850.42	1.41	14.04
	39	150.65	125.44	200.26	350.60	225.42	301.29	125.19	852.10	1.40	14.00
	40	188.33	125.32	200.60	351.18	225.82	376.66	125.30	850.44	1.40	14.04
	41	188.35	125.35	200.75	350.58	225.68	376.70	125.34	854.03	1.40	14.08
	42	150.69	125.53	200.73	350.54	225.66	301.39	124.96	851.02	1.41	14.02
	43	150.71	125.17	200.45	350.40	225.53	301.42	125.47	853.20	1.41	14.04
	44	150.73	125.37	200.90	351.49	225.18	301.45	125.39	849.41	1.40	14.05
	45	150.74	125.41	200.94	351.52	225.08	301.49	125.43	849.25	1.40	14.03
	46	150.76	125.30	200.40	350.43	225.44	301.52	125.46	851.27	1.41	14.06
	47	188.47	125.58	201.21	350.60	226.00	376.94	124.81	850.30	1.41	14.08
	48	188.49	125.06	200.70	351.67	226.09	376.98	125.12	850.80	1.40	14.05
	49	150.81	125.41	200.07	350.62	225.48	301.62	124.71	847.40	1.41	14.06
	50	150.82	125.51	201.20	351.78	225.55	301.65	125.27	850.42	1.40	14.08
	51	150.84	125.67	200.29	351.36	225.83	301.68	125.14	849.98	1.40	14.02
	52	150.86	125.48	200.31	351.46	226.03	301.71	124.94	853.13	1.40	14.09
	53	150.87	125.30	201.21	351.83	225.32	301.75	125.70	850.77	1.40	14.05
	54	188.61	125.70	200.57	351.86	225.41	377.22	125.18	851.56	1.41	14.05
	55	188.63	125.35	200.99	352.27	225.64	377.26	125.03	850.27	1.40	14.03
	56	150.92	125.51	200.96	351.65	225.94	301.84	125.34	849.41	1.40	14.03
	57	150.94	125.27	200.46	351.81	225.71	301.88	124.99	851.06	1.41	14.09
	58	150.95	125.32	201.12	351.65	226.13	301.91	124.88	851.50	1.40	14.09
	59	150.97	125.70	200.32	350.59	226.44	301.94	125.62	850.89	1.40	14.06
	60	150.99	125.53	200.68	351.60	226.19	301.97	124.65	851.88	1.40	14.07
	61	188.75	125.73	200.43	352.08	225.72	377.51	125.30	850.40	1.40	14.04
	62	188.77	125.35	200.43	351.85	225.39	377.55	125.13	850.36	1.41	14.04
	63	151.04	125.45	201.13	351.82	226.38	302.07	125.08	850.73	1.41	14.07
	64	151.05	125.41	200.98	351.32	225.39	302.10	125.17	850.32	1.40	14.04
	65	151.07	125.49	200.85	351.19	226.26	302.14	125.23	851.13	1.40	14.04
	66	151.08	125.71	201.03	351.24	225.93	302.17	125.57	854.54	1.41	14.04
	67	151.10	125.63	201.10	351.56	225.83	302.20	124.90	853.07	1.41	14.06
	68	188.90	125.72	200.91	352.04	226.16	377.79	125.00	854.11	1.41	14.06
	69	188.92	125.87	200.61	352.05	225.96	377.83	125.50	849.73	1.40	14.06
	70	151.15	125.63	200.83	350.85	226.47	302.30	125.32	850.38	1.41	14.09
	71	151.17	125.87	201.15	351.23	225.99	302.33	125.12	851.38	1.40	14.08
	72	151.18	125.73	201.12	350.87	225.81	302.36	125.46	853.68	1.41	14.07
	73	151.20	125.65	201.35	350.84	226.82	302.39	125.21	851.25	1.41	14.08
	74	151.21	125.50	200.59	351.10	226.63	302.43	125.87	852.33	1.41	14.04
	75	189.04	125.37	201.13	352.09	227.06	378.07	125.52	853.06	1.41	14.06
	76	189.06	125.56	200.90	352.36	226.57	378.12	125.34	849.41	1.41	14.05
	77	151.26	125.84	200.73	351.26	226.62	302.52	125.58	850.29	1.41	14.09
	78	151.28	125.80	201.37	352.27	225.92	302.56	125.41	850.13	1.40	14.10
	79	151.30	125.73	200.83	351.63	225.90	302.59	125.45	851.06	1.41	14.06
	80	151.31	125.53	201.43	351.71	225.66	302.62	124.99	851.92	1.40	14.09
	81	151.33	125.40	201.23	352.08	226.41	302.66	125.67	849.85	1.41	14.05
	82	189.18	125.47	201.07	351.59	227.04	378.36	125.37	851.33	1.40	14.11
	83	189.20	125.44	201.00	352.15	226.32	378.40	125.57	851.62	1.41	14.10
	84	151.38	126.13	201.71	351.96	226.36	302.75	124.89	851.74	1.40	14.09
	85	151.39	125.86	201.41	351.57	226.65	302.79	125.33	854.27	1.41	14.10
	86	151.41	125.89	201.06	351.32	226.00	302.82	125.35	847.54	1.40	14.11
	87	151.43	125.77	200.84	351.64	226.54	302.85	125.51	852.62	1.41	14.05
	88	151.44	125.83	201.86	352.51	227.17	302.88	125.20	851.69	1.41	14.07
	89	189.32	125.77	201.76	352.22	226.53	378.64	125.42	850.56	1.41	14.09
	90	189.34	125.72	201.11	351.83	226.36	378.68	125.62	849.81	1.40	14.14
	91	151.49	125.91	201.25	352.67	226.11	302.98	125.26	854.54	1.41	14.11
	92	151.51	126.01	200.98	352.61	226.84	303.01	125.54	854.51	1.41	14.08
	93	151.52	125.51	201.51	352.20	226.64	303.05	125.51	850.96	1.41	14.15
	94	151.54	125.74	201.25	351.63	226.03	303.08	124.99	853.49	1.40	14.11
	95	151.56	125.48	200.90	352.33	226.81	303.11	125.11	850.71	1.41	14.06
	96	189.46	125.53	201.04	352.14	226.54	378.93	125.12	850.04	1.41	14.09
	97	189.48	125.98	201.33	352.41	226.57	378.97	125.11	853.66	1.41	14.08
	98	151.60	125.92	201.45	352.65	226.46	303.21	125.31	852.89	1.40	14.11
	99	151.62	125.61	201.28	352.17	226.01	303.24	125.18	853.11	1.41	14.10
	100	151.64	125.93	200.94	353.55	226.98	303.27	125.31	852.64	1.41	14.13
	101	151.65	126.00	201.06	351.78	226.63	303.31	125.15	854.16	1.41	14.06
	102	151.67	126.20	201.82	352.81	226.76	303.34	125.46	851.84	1.41	14.11
	103	189.61	126.14	201.01	352.20	226.56	379.21	125.56	851.20	1.41	14.13
	104	189.63	126.06	200.79	352.46	226.88	379.25	125.16	854.49	1.41	14.08
	105	151.72	125.93	201.77	352.21	226.46	303.44	125.05	851.55	1.41	14.11
	106	151.73	125.74	201.81	353.03	226.86	303.47	124.76	850.77	1.41	14.11
	107	151.75	126.03	202.01	352.67	225.95	303.50	125.22	853.46	1.41	14.11
	108	151.77	125.92	201.24	352.32	226.18	303.53	125.30	852.10	1.41	14.11
	109	151.78	125.84	201.37	352.74	226.59	303.57	125.29	853.01	1.41	14.10
	110	189.75	125.65	201.64	351.44	227.43	379.50	125.76	855.24	1.41	14.14
	111	189.77	125.98	201.89	352.72	226.70	379.54	125.23	849.78	1.41	14.08
	112	151.83	126.00	201.85	352.06	225.93	303.66	125.06	852.24	1.41	14.12
	113	151.85	125.73	201.59	352.30	227.02	303.70	125.83	851.26	1.41	14.08
	114	151.87	125.92	201.38	353.27	226.50	303.73	125.56	851.84	1.41	14.11
	115	151.88	125.78	201.87	352.84	226.75	303.76	125.06	849.75	1.41	14.11
	116	151.90	126.13	201.27	352.37	227.11	303.80	125.58	852.44	1.41	14.13
	117	189.89	126.16	201.45	352.83	226.89	379.79	125.34	852.03	1.41	14.11
	118	189.91	125.93	202.13	352.40	226.84	379.83	125.43	849.19	1.41	14.15
	119	151.95	126.10	201.36	353.00	226.26	303.89	125.16	851.51	1.41	14.12
	120	151.96	126.06	201.64	353.08	226.75	303.93	125.66	852.04	1.41	14.10
	121	151.98	125.85	201.91	352.27	227.04	303.96	125.18	852.59	1.41	14.08
	122	152.00	125.92	201.70	353.40	227.65	303.99	125.32	849.68	1.41	14.11
	123	152.01	125.88	201.84	352.80	227.54	304.02	125.41	853.98	1.41	14.10
	124	190.04	126.18	202.25	353.39	227.36	380.07	125.10	852.99	1.41	14.10
	125	190.06	125.85	201.97	352.83	227.32	380.11	124.95	853.76	1.41	14.11
	126	152.06	125.90	201.20	353.10	226.71	304.12	125.63	853.54	1.41	14.10
	127	152.08	126.09	201.60	353.24	226.81	304.15	125.32	853.15	1.41	14.13
	128	152.09	126.45	201.73	353.05	226.91	304.19	124.73	851.66	1.41	14.10
	129	152.11	126.14	201.99	352.69	226.94	304.22	125.64	852.10	1.41	14.09
	130	152.13	125.91	201.87	352.45	226.55	304.25	125.27	851.80	1.41	14.10
	131	190.18	126.07	202.10	353.59	226.92	380.36	125.53	851.64	1.41	14.14
	132	190.20	126.14	201.96	352.70	226.43	380.40	125.47	854.17	1.41	14.15
	133	152.18	126.24	201.89	353.62	226.89	304.35	125.45	854.10	1.41	14.14
	134	152.19	126.37	201.91	352.91	227.10	304.38	125.07	850.49	1.41	14.14
	135	152.21	126.25	202.08	352.90	226.73	304.42	125.87	852.77	1.41	14.12
	136	152.22	126.25	201.34	352.65	227.14	304.45	125.21	854.79	1.41	14.11
	137	152.24	126.52	201.89	353.89	226.77	304.48	125.52	851.80	1.41	14.11
	138	190.32	126.22	202.34	352.26	227.51	380.64	125.31	851.04	1.41	14.12
	139	190.34	126.11	201.80	352.77	227.03	380.68	125.51	854.33	1.41	14.17
	140	152.29	126.29	201.53	352.57	227.27	304.58	125.63	852.51	1.41	14.12
	141	152.31	126.27	202.22	354.03	227.20	304.61	125.64	853.19	1.41	14.16
	142	152.32	126.25	202.10	352.62	227.09	304.65	125.66	851.38	1.41	14.13
	143	152.34	126.04	201.41	353.23	226.92	304.68	126.01	852.27	1.41	14.15
	144	152.36	125.80	201.93	355.09	227.54	304.71	125.55	853.74	1.41	14.14
	145	190.46	125.78	202.01	352.53	226.85	380.93	125.58	852.64	1.41	14.13
	146	190.49	126.29	202.62	353.78	227.30	380.97	125.49	854.61	1.41	14.15
	147	152.40	126.18	201.72	353.14	227.33	304.81	125.56	852.04	1.41	14.14
	148	152.42	126.43	202.37	353.43	227.63	304.84	125.46	855.43	1.41	14.16
	149	152.44	126.28	202.25	354.12	227.56	304.87	125.55	851.38	1.41	14.15
	150	152.45	126.18	201.83	353.34	227.52	304.91	125.72	855.74	1.41	14.14
	151	152.47	126.60	202.14	352.89	227.25	304.94	125.80	852.95	1.41	14.18
	152	190.61	126.29	201.71	353.85	227.18	381.22	125.00	853.88	1.41	14.14
	153	190.63	126.32	201.56	354.15	227.39	381.26	125.35	855.77	1.41	14.09
	154	152.52	126.47	201.39	353.21	227.34	305.04	125.69	853.40	1.41	14.10
	155	152.54	126.13	202.03	353.76	227.52	305.07	125.16	853.44	1.41	14.16
	156	152.55	126.32	201.82	353.92	226.94	305.10	125.60	850.20	1.41	14.17
	157	152.57	126.23	202.28	353.94	227.27	305.14	125.44	854.06	1.41	14.16
	158	152.58	126.42	202.16	352.89	227.45	305.17	125.76	852.72	1.41	14.12
	159	190.75	126.69	202.04	353.59	227.06	381.50	125.45	852.36	1.42	14.15
	160	190.77	126.42	202.37	354.16	227.61	381.54	125.54	853.07	1.41	14.15
	161	152.63	126.48	201.82	353.50	227.40	305.27	125.63	852.48	1.41	14.15
	162	152.65	126.25	202.11	353.71	227.46	305.30	125.89	850.88	1.41	14.17
	163	152.67	126.31	201.83	353.35	227.66	305.33	125.72	853.73	1.42	14.20
	164	152.68	126.51	202.29	355.15	227.14	305.37	125.28	854.50	1.41	14.18
	165	152.70	126.52	202.61	354.82	227.19	305.40	125.49	852.94	1.41	14.17
	166	190.90	126.21	202.39	354.37	227.33	381.79	125.28	854.70	1.42	14.16
	167	190.92	126.34	202.15	353.35	227.50	381.83	125.61	852.60	1.42	14.16
	168	152.75	126.76	202.56	353.78	227.18	305.50	125.87	852.87	1.41	14.15
	169	152.77	126.20	202.47	353.65	227.38	305.53	125.28	855.29	1.42	14.15
	170	152.78	126.55	202.61	354.53	227.19	305.56	125.78	854.86	1.41	14.17
	171	152.80	126.32	202.21	354.06	226.94	305.60	125.22	854.25	1.41	14.18
	172	152.81	126.37	202.23	354.30	227.73	305.63	125.74	855.94	1.41	14.17
	173	191.04	126.23	202.62	353.72	227.56	382.08	125.81	851.55	1.42	14.19
	174	191.06	126.50	202.69	354.43	227.59	382.12	125.27	851.20	1.41	14.16
	175	152.86	126.60	202.32	354.40	228.11	305.73	125.79	853.43	1.42	14.17
	176	152.88	126.57	202.53	354.18	227.38	305.76	125.54	853.57	1.41	14.14
	177	152.90	126.70	201.83	353.59	227.66	305.79	125.18	852.66	1.41	14.18
	178	152.91	126.59	202.18	354.18	227.04	305.83	125.64	852.44	1.42	14.18
	179	152.93	126.49	202.65	354.50	227.55	305.86	125.44	855.63	1.42	14.17
	180	191.18	126.56	202.45	354.09	227.37	382.36	125.59	850.90	1.41	14.17
	181	191.20	126.72	202.30	354.45	228.16	382.41	125.52	853.68	1.41	14.16
	182	152.98	126.41	202.07	353.02	227.74	305.96	125.67	856.44	1.41	14.15
	183	153.00	126.78	202.96	354.52	227.71	305.99	125.91	856.02	1.41	14.21
	184	153.01	126.65	202.44	353.95	227.80	306.02	125.78	853.03	1.41	14.20
	185	153.03	126.49	202.60	354.01	227.71	306.06	125.33	853.81	1.41	14.22
	186	153.04	126.72	202.59	354.54	228.16	306.09	125.52	853.20	1.41	14.17
	187	191.33	126.46	202.70	354.81	228.28	382.65	125.46	851.08	1.41	14.19
	188	191.35	126.65	202.42	353.67	227.37	382.69	125.63	851.84	1.41	14.21
	189	153.09	126.45	202.48	354.06	228.20	306.19	125.66	855.33	1.41	14.15
	190	153.11	126.75	202.44	355.50	228.57	306.22	125.64	854.91	1.41	14.16
	191	153.13	127.11	202.26	354.09	228.04	306.25	125.89	853.82	1.42	14.14
	192	153.14	126.88	202.46	354.62	227.85	306.29	124.88	852.92	1.41	14.20
	193	153.16	126.43	202.80	354.58	228.23	306.32	126.03	853.06	1.41	14.21
	194	191.47	126.41	202.51	354.48	228.11	382.94	125.87	854.43	1.41	14.15
	195	191.49	126.32	202.34	354.65	227.57	382.98	125.91	856.86	1.41	14.21
	196	153.21	126.93	202.69	354.78	228.20	306.42	125.59	855.84	1.41	14.17
	197	153.23	126.56	202.76	354.26	227.82	306.45	125.45	853.59	1.42	14.17
	198	153.24	126.63	203.17	354.48	227.89	306.48	125.36	855.95	1.42	14.19
	199	153.26	127.04	202.67	354.74	228.33	306.52	125.86	855.02	1.41	14.19
	200	153.27	126.77	202.68	353.71	228.10	306.55	126.06	855.42	1.42	14.18
	201	191.61	126.35	202.35	355.89	227.78	383.23	125.47	855.18	1.41	14.21
	202	191.63	126.61	202.75	354.24	227.74	383.27	125.63	854.38	1.41	14.20
	203	153.32	126.73	203.01	355.36	227.96	306.65	125.73	856.74	1.42	14.18
	204	153.34	126.71	202.80	354.43	228.04	306.68	125.78	855.72	1.42	14.22
	205	153.36	126.81	202.63	355.46	228.11	306.71	125.74	853.71	1.42	14.18
	206	153.37	126.87	202.95	353.57	228.11	306.75	125.76	852.08	1.42	14.18
	207	153.39	126.62	202.27	355.46	227.94	306.78	126.05	857.50	1.42	14.14
	208	191.76	126.87	203.32	355.02	228.10	383.52	125.75	858.18	1.41	14.19
	209	191.78	126.65	203.08	356.17	227.78	383.56	125.91	856.69	1.42	14.17
	210	153.44	126.65	203.43	354.79	228.20	306.88	125.78	852.70	1.42	14.19
	211	153.46	126.95	202.83	354.10	228.10	306.91	125.89	854.06	1.42	14.18
	212	153.47	127.04	202.69	353.93	228.84	306.95	125.45	853.49	1.41	14.24
	213	153.49	126.73	202.99	354.85	228.56	306.98	125.51	854.07	1.42	14.18
	214	153.51	126.84	202.68	354.89	228.35	307.01	125.62	853.79	1.41	14.18
	215	191.90	126.93	202.93	355.61	228.80	383.81	125.38	854.52	1.42	14.21
	216	191.92	126.78	202.45	355.46	228.17	383.85	126.01	857.23	1.42	14.20
	217	153.56	127.08	202.97	355.77	228.22	307.11	125.61	856.25	1.42	14.21
	218	153.57	126.97	203.07	356.11	228.54	307.14	125.77	855.92	1.42	14.18
	219	153.59	126.71	202.89	355.84	228.35	307.18	125.96	854.91	1.42	14.17
	220	153.60	126.72	202.79	355.50	228.34	307.21	125.96	855.17	1.41	14.22
	221	153.62	126.85	202.92	355.54	229.08	307.24	126.07	858.29	1.42	14.19
	222	192.05	127.25	202.81	355.50	228.62	384.09	125.71	855.49	1.42	14.18
	223	192.07	126.93	203.32	355.72	228.87	384.14	126.08	854.36	1.42	14.21
	224	153.67	127.04	202.64	355.72	228.30	307.34	125.65	854.30	1.42	14.21
	225	153.69	126.85	203.63	356.38	228.29	307.37	125.68	854.69	1.42	14.21
	226	153.70	127.15	203.10	356.43	228.27	307.41	126.21	855.47	1.41	14.20
	227	153.72	126.67	202.97	355.11	228.61	307.44	126.08	854.88	1.42	14.23
	228	153.74	126.87	203.21	355.32	228.34	307.47	125.84	854.46	1.42	14.19
	229	192.19	127.33	202.99	355.93	228.04	384.38	126.07	856.64	1.42	14.23
	230	192.21	126.89	203.69	356.22	228.12	384.42	126.16	857.42	1.41	14.20
	231	153.79	126.82	203.15	354.78	228.15	307.57	126.02	858.43	1.42	14.19
	232	153.80	126.95	203.14	356.20	228.48	307.61	125.72	857.30	1.42	14.25
	233	153.82	126.92	203.25	355.58	229.33	307.64	125.64	854.70	1.42	14.22
	234	153.84	127.16	203.28	356.65	228.27	307.67	125.44	857.19	1.42	14.22
	235	153.85	126.96	202.50	354.99	228.48	307.71	125.68	855.64	1.42	14.22
	236	192.34	126.88	203.10	355.52	228.47	384.67	125.72	855.96	1.42	14.24
	237	192.36	126.79	203.36	355.84	229.12	384.71	125.84	854.08	1.42	14.20
	238	153.90	127.16	203.19	355.95	228.42	307.80	125.77	854.34	1.42	14.28
	239	153.92	126.82	203.54	356.01	229.04	307.84	126.23	856.53	1.42	14.23
	240	153.94	127.17	203.74	355.27	228.29	307.87	125.47	854.05	1.42	14.20
	241	153.95	127.06	203.65	355.22	228.51	307.90	125.46	855.23	1.42	14.24
	242	153.97	126.85	203.13	355.68	228.89	307.94	125.81	857.14	1.42	14.23
	243	192.48	126.97	204.12	355.73	228.99	384.96	126.27	855.58	1.42	14.23
	244	192.50	127.07	203.33	356.58	228.97	385.00	125.33	852.55	1.42	14.23
	245	154.02	127.21	203.27	355.51	228.49	308.04	125.78	853.02	1.42	14.24
	246	154.03	127.18	203.35	356.05	228.48	308.07	126.10	857.02	1.42	14.22
	247	154.05	127.20	203.58	355.42	229.05	308.10	125.40	857.84	1.42	14.25
	248	154.07	127.55	203.28	355.77	228.78	308.14	125.65	853.29	1.42	14.24
	249	154.08	127.23	203.70	356.12	229.04	308.17	125.63	858.08	1.42	14.21
	250	192.63	127.00	203.48	355.33	229.07	385.25	125.83	852.87	1.43	14.26
	251	192.65	127.36	203.76	355.52	228.99	385.29	126.03	854.26	1.42	14.25
	252	154.13	126.99	203.53	356.26	228.68	308.27	125.86	853.79	1.42	14.19
	253	154.15	127.27	203.42	356.13	228.97	308.30	125.79	854.45	1.42	14.24
	254	154.17	126.95	203.09	356.23	228.79	308.33	125.83	854.78	1.42	14.22
	255	154.18	127.17	203.18	356.74	228.63	308.37	125.85	856.83	1.42	14.24
	256	154.20	127.42	203.85	356.59	228.79	308.40	125.72	856.89	1.42	14.26
	257	192.77	127.48	203.62	355.74	229.06	385.54	125.99	855.63	1.42	14.26
	258	192.79	127.46	203.49	355.62	229.45	385.58	126.32	857.06	1.42	14.27
	259	154.25	127.53	203.74	355.52	229.23	308.50	125.29	855.01	1.42	14.21
	260	154.27	127.22	203.15	355.64	229.32	308.53	126.43	852.02	1.42	14.24
	261	154.28	127.54	203.54	356.35	229.12	308.57	125.47	854.44	1.42	14.25
	262	154.30	127.22	203.40	355.75	228.70	308.60	125.46	857.06	1.42	14.24
	263	154.32	127.21	204.15	356.49	229.18	308.63	125.40	853.21	1.42	14.21
	264	192.92	126.99	203.87	356.36	228.88	385.83	125.51	857.37	1.42	14.24
	265	192.94	126.78	203.60	356.62	228.85	385.87	126.17	856.42	1.42	14.26
	266	154.37	127.54	203.59	356.07	229.02	308.73	126.05	854.68	1.43	14.29
	267	154.38	127.70	204.03	357.11	229.32	308.76	125.59	858.43	1.42	14.26
	268	154.40	127.46	203.79	355.40	229.43	308.80	126.03	856.48	1.42	14.25
	269	154.42	127.18	202.84	356.29	229.87	308.83	126.07	858.52	1.42	14.23
	270	154.43	127.25	203.77	356.76	229.75	308.86	125.79	856.42	1.42	14.26
	271	193.06	127.06	203.77	356.89	228.74	386.12	126.09	853.30	1.42	14.28
	272	193.08	127.35	203.55	355.86	228.92	386.16	125.85	855.92	1.42	14.31
	273	154.48	127.23	204.29	356.66	229.15	308.96	126.18	856.31	1.42	14.27
	274	154.50	126.87	204.12	357.34	229.59	309.00	125.88	856.89	1.42	14.25
	275	154.52	127.62	203.87	356.31	229.33	309.03	126.35	858.41	1.42	14.28
	276	154.53	127.14	203.80	356.18	229.25	309.06	125.83	858.64	1.42	14.27
	277	154.55	127.21	204.00	356.61	229.78	309.10	125.58	857.85	1.42	14.28
	278	193.21	127.36	203.85	356.82	229.66	386.41	126.09	855.19	1.42	14.24
	279	193.23	127.37	204.52	357.14	229.43	386.45	125.70	857.70	1.42	14.27
	280	154.60	127.23	203.94	356.92	229.22	309.20	126.27	856.43	1.42	14.25
	281	154.61	127.27	203.89	355.57	228.71	309.23	126.12	854.92	1.42	14.30
	282	154.63	127.21	203.65	356.79	230.02	309.26	125.80	858.33	1.42	14.28
	283	154.65	127.56	203.35	357.39	229.91	309.30	126.20	855.99	1.42	14.25
	284	154.66	127.26	204.12	357.77	229.30	309.33	126.60	857.92	1.42	14.27
	285	193.35	127.63	203.89	357.02	228.99	386.70	125.84	858.09	1.42	14.24
	286	193.37	127.17	204.04	356.21	229.02	386.74	126.01	852.09	1.42	14.24
	287	154.71	127.34	204.24	356.61	230.18	309.43	126.05	857.07	1.42	14.26
	288	154.73	127.00	203.85	357.83	228.88	309.46	126.03	857.04	1.42	14.27
	289	154.75	127.59	204.00	356.24	228.74	309.50	125.85	854.57	1.42	14.31
	290	154.76	127.46	204.11	356.63	228.73	309.53	126.09	857.40	1.42	14.29
	291	154.78	127.56	204.61	358.37	229.96	309.56	126.27	857.75	1.42	14.24
	292	193.50	127.65	203.22	357.72	229.61	386.99	125.92	857.37	1.42	14.26
	293	193.52	127.51	204.23	357.12	229.60	387.04	126.37	856.04	1.42	14.28
	294	154.83	127.26	203.59	357.19	229.35	309.66	126.21	856.33	1.42	14.26
	295	154.85	127.50	204.23	357.15	229.58	309.70	126.54	858.16	1.42	14.27
	296	154.86	127.60	204.03	356.98	230.08	309.73	125.60	856.36	1.42	14.29
	297	154.88	127.28	204.25	356.66	229.72	309.76	126.26	856.01	1.42	14.29
	298	154.90	127.50	203.79	356.44	230.39	309.80	126.15	856.55	1.42	14.30
	299	193.64	127.33	204.05	358.31	230.13	387.29	126.16	854.26	1.42	14.27
	300	193.66	127.66	203.80	356.66	229.68	387.33	125.96	860.10	1.43	14.27
	301	154.95	127.45	204.02	356.38	229.31	309.90	126.17	855.47	1.42	14.32
	302	154.96	127.49	203.35	356.05	229.68	309.93	126.35	857.42	1.42	14.31
	303	154.98	127.60	204.60	357.60	229.45	309.96	126.31	855.46	1.43	14.31
	304	155.00	127.86	204.02	356.91	229.27	309.99	126.13	855.91	1.42	14.33
	305	155.01	127.69	204.14	357.21	229.95	310.03	126.30	854.92	1.43	14.30
	306	193.79	127.52	204.30	358.06	229.57	387.58	126.10	853.34	1.42	14.30
	307	193.81	127.24	204.33	357.87	229.90	387.62	126.14	856.98	1.42	14.29
	308	155.06	127.52	204.26	356.73	229.77	310.13	126.21	858.99	1.43	14.27
	309	155.08	128.00	204.51	357.88	230.10	310.16	126.09	858.06	1.42	14.31
	310	155.10	127.88	204.89	356.62	229.95	310.19	126.11	856.84	1.43	14.29
	311	155.11	127.64	204.46	356.97	229.45	310.23	126.07	859.16	1.43	14.24
	312	155.13	127.79	204.27	358.08	229.99	310.26	126.10	853.90	1.43	14.29
	313	193.93	127.79	204.67	358.22	229.45	387.87	126.11	856.66	1.42	14.28
	314	193.96	127.89	203.88	357.87	229.75	387.91	125.84	855.55	1.43	14.30
	315	155.18	128.07	203.90	358.88	229.39	310.36	126.14	853.64	1.42	14.29
	316	155.20	127.36	203.74	358.14	229.55	310.39	126.50	855.91	1.42	14.32
	317	155.21	127.89	204.41	357.44	229.41	310.43	126.23	858.06	1.43	14.29
	318	155.23	127.46	204.89	356.88	229.93	310.46	125.91	854.13	1.42	14.27
	319	155.25	127.98	204.97	357.13	230.25	310.49	125.73	856.96	1.43	14.29
	320	194.08	127.60	204.54	358.06	229.87	388.16	126.34	858.13	1.43	14.34
	321	194.10	128.06	204.49	358.52	230.39	388.20	125.93	857.95	1.43	14.30
	322	155.30	127.61	203.83	358.54	229.91	310.60	126.58	856.97	1.42	14.29
	323	155.31	127.49	204.30	358.49	229.58	310.63	126.30	856.14	1.42	14.32
	324	155.33	127.75	204.68	358.02	229.73	310.66	126.02	853.40	1.42	14.30
	325	155.35	128.24	204.32	358.41	229.95	310.70	126.43	855.35	1.42	14.32
	326	155.36	127.72	204.89	357.78	229.39	310.73	126.11	856.23	1.42	14.32
	327	194.23	127.83	203.97	358.09	230.56	388.45	125.90	856.91	1.42	14.31
	328	194.25	127.48	204.40	356.55	230.48	388.49	125.88	855.52	1.42	14.32
	329	155.41	127.83	204.14	358.74	229.96	310.83	125.73	856.66	1.42	14.28
	330	155.43	127.64	204.76	356.80	229.84	310.86	126.63	857.20	1.42	14.30
	331	155.45	127.33	204.63	356.79	229.63	310.90	126.35	857.51	1.43	14.29
	332	155.46	127.73	204.55	357.66	229.89	310.93	126.29	857.79	1.43	14.32
	333	155.48	127.98	204.76	358.07	230.42	310.96	125.98	858.14	1.42	14.31
	334	194.37	127.75	204.69	357.21	230.25	388.74	126.28	856.08	1.42	14.34
	335	194.39	127.94	204.77	358.98	230.36	388.79	126.49	856.70	1.43	14.30
	336	155.53	128.08	204.57	358.07	230.00	311.06	126.08	859.23	1.42	14.29
	337	155.55	127.97	204.11	358.02	230.24	311.10	126.02	858.14	1.43	14.34
	338	155.56	128.18	204.05	358.41	230.26	311.13	126.04	858.21	1.43	14.31
	339	155.58	127.67	204.55	359.33	230.42	311.16	125.84	859.19	1.42	14.30
	340	155.60	128.26	204.11	357.89	230.33	311.20	126.29	858.55	1.43	14.28
	341	194.52	128.56	204.53	356.81	230.68	389.04	126.41	857.60	1.42	14.37
	342	194.54	127.81	204.93	358.68	230.33	389.08	125.79	857.12	1.43	14.33
	343	155.65	127.76	204.24	358.62	230.03	311.30	125.85	859.33	1.42	14.32
	344	155.67	127.73	205.08	358.91	230.69	311.33	126.32	859.18	1.43	14.32
	345	155.68	128.36	204.58	359.13	230.81	311.36	125.85	855.77	1.43	14.33
	346	155.70	128.00	205.20	357.48	230.10	311.40	126.31	860.01	1.43	14.34
	347	155.72	127.97	204.60	358.64	230.88	311.43	126.33	858.05	1.43	14.31
	348	194.67	128.00	204.57	358.66	229.96	389.33	126.46	860.99	1.43	14.33
	349	194.69	128.18	204.66	359.52	230.11	389.37	126.30	858.83	1.43	14.32
	350	155.77	128.18	204.54	357.87	230.48	311.53	125.90	860.46	1.43	14.33
	351	155.78	127.81	204.80	357.92	230.31	311.56	126.22	860.21	1.43	14.36
	352	155.80	128.26	204.86	358.37	229.79	311.60	126.54	858.85	1.43	14.34
	353	155.82	128.01	205.02	358.89	230.21	311.63	126.17	857.94	1.43	14.35
	354	155.83	128.28	204.64	357.90	230.69	311.66	126.55	857.07	1.43	14.38
	355	194.81	127.91	204.81	357.22	230.38	389.62	126.94	857.37	1.43	14.33
	356	194.83	128.43	205.15	359.09	230.44	389.66	126.09	861.35	1.42	14.31
	357	155.88	127.74	204.93	358.42	230.27	311.77	126.22	856.49	1.42	14.37
	358	155.90	127.93	204.85	358.32	230.20	311.80	126.52	855.70	1.43	14.32
	359	155.92	127.95	204.90	357.95	230.69	311.83	126.36	859.47	1.43	14.34
	360	155.93	128.30	204.88	358.65	230.82	311.87	126.59	855.73	1.43	14.34
	361	155.95	127.89	205.13	358.65	230.36	311.90	125.97	857.99	1.42	14.35
	362	194.96	127.88	205.20	358.65	230.00	389.92	126.27	858.99	1.43	14.38
	363	194.98	127.95	205.28	358.36	230.69	389.96	126.07	858.01	1.43	14.34
	364	156.00	128.04	204.92	359.36	231.12	312.00	126.78	859.93	1.43	14.35
	365	156.01	128.52	204.56	358.15	230.56	312.03	126.16	860.19	1.43	14.36
	366	156.03	128.22	204.96	358.13	230.47	312.05	126.39	857.27	1.43	14.37
	367	156.04	127.95	204.48	359.59	230.95	312.08	126.13	856.58	1.43	14.37
	368	156.05	127.94	204.94	358.98	230.75	312.10	126.10	858.43	1.43	14.35
	369	195.08	127.99	205.09	358.48	230.15	390.16	126.24	862.69	1.43	14.35
	370	195.09	128.32	204.70	358.07	231.17	390.19	126.29	854.61	1.43	14.35
	371	156.09	127.92	205.01	358.57	230.95	312.18	126.34	860.14	1.43	14.40
	372	156.10	128.30	205.47	359.31	230.99	312.20	126.05	858.91	1.43	14.32
	373	156.11	128.00	205.76	358.38	230.60	312.23	126.20	857.45	1.43	14.33
	374	156.13	128.01	205.49	359.12	231.25	312.25	126.12	859.52	1.43	14.39
	375	156.14	128.45	205.20	358.67	231.16	312.28	126.08	859.23	1.43	14.35
	376	195.19	128.21	205.10	358.61	230.72	390.38	126.12	857.99	1.43	14.34
	377	195.21	127.78	205.04	358.37	230.51	390.41	125.79	858.89	1.43	14.34
	378	156.18	128.03	205.39	358.72	231.10	312.35	126.52	860.52	1.43	14.34
	379	156.19	128.25	205.39	359.45	231.21	312.38	126.18	857.87	1.43	14.33
	380	156.20	128.36	204.88	359.75	230.94	312.40	126.27	857.87	1.43	14.35
	381	156.21	128.53	204.98	358.63	230.89	312.43	126.12	861.96	1.43	14.37
	382	156.23	127.80	205.06	360.47	230.80	312.46	126.44	859.76	1.43	14.35
	383	195.30	128.24	204.99	359.21	230.91	390.60	126.74	859.76	1.43	14.37
	384	195.32	128.25	205.40	359.07	230.39	390.63	125.89	855.61	1.43	14.35
	385	156.27	128.52	204.62	359.55	230.60	312.53	126.12	859.59	1.43	14.37
	386	156.28	128.29	205.55	358.55	230.68	312.56	126.08	859.20	1.43	14.37
	387	156.29	128.28	205.38	358.79	230.96	312.58	126.54	857.94	1.43	14.36
	388	156.30	128.56	205.11	358.81	231.35	312.61	126.19	856.71	1.43	14.35
	389	156.32	128.44	205.35	358.74	230.43	312.63	126.07	857.92	1.43	14.38
	390	195.41	128.63	205.15	359.40	230.82	390.82	126.62	860.77	1.43	14.36
	391	195.43	128.16	205.48	359.15	230.65	390.85	125.93	860.21	1.42	14.35
	392	156.35	128.16	205.82	359.36	231.36	312.71	126.29	857.19	1.43	14.41
	393	156.37	128.15	205.28	358.06	230.98	312.73	126.40	860.43	1.43	14.36
	394	156.38	128.46	205.30	358.99	231.01	312.76	125.48	858.47	1.43	14.38
	395	156.39	128.30	205.15	359.83	230.88	312.78	126.42	857.43	1.43	14.36
	396	156.40	128.41	205.91	359.80	231.45	312.81	126.35	858.97	1.43	14.38
	397	195.52	128.62	204.65	359.24	230.29	391.04	126.21	859.12	1.43	14.41
	398	195.54	128.41	205.22	358.61	231.25	391.08	126.02	857.48	1.43	14.38
	399	156.44	128.44	205.95	358.71	231.65	312.89	126.17	856.46	1.43	14.40
	400	156.46	128.45	205.82	359.66	230.80	312.91	126.03	858.42	1.43	14.38
	401	156.47	128.37	205.70	359.45	230.89	312.94	125.94	859.15	1.43	14.37
	402	156.48	128.71	204.78	359.85	231.28	312.96	126.29	862.09	1.43	14.38
	403	156.49	128.16	205.72	358.66	230.88	312.99	126.15	857.10	1.43	14.36
	404	195.63	128.42	204.96	360.38	231.05	391.27	126.20	860.90	1.43	14.38
	405	195.65	128.53	205.15	358.38	230.76	391.30	125.99	858.87	1.43	14.37
	406	156.53	128.45	205.33	359.53	231.49	313.06	125.98	860.24	1.43	14.34
	407	156.54	128.57	205.80	360.37	231.70	313.09	126.65	858.22	1.43	14.39
	408	156.56	128.34	205.46	360.00	231.39	313.11	126.53	856.56	1.43	14.41
	409	156.57	128.64	205.29	360.44	231.91	313.14	126.32	859.09	1.43	14.39
	410	156.58	128.55	205.10	359.99	231.33	313.16	126.22	854.80	1.43	14.39
	411	195.74	128.66	205.77	359.61	231.55	391.49	126.47	856.90	1.43	14.37
	412	195.76	128.29	205.82	359.32	231.20	391.52	126.25	857.93	1.43	14.42
	413	156.62	128.51	205.02	361.00	231.01	313.24	126.39	856.15	1.43	14.40
	414	156.63	128.37	204.81	358.82	231.96	313.27	126.87	860.47	1.43	14.37
	415	156.65	128.82	205.61	359.97	231.00	313.29	125.83	858.38	1.43	14.38
	416	156.66	128.30	205.87	359.84	230.59	313.32	126.39	854.96	1.43	14.39
	417	156.67	128.39	205.76	360.46	231.85	313.34	126.18	855.85	1.43	14.42
	418	195.85	128.40	205.77	359.95	230.86	391.71	125.97	858.13	1.43	14.40
	419	195.87	128.48	205.47	359.80	231.88	391.74	125.84	859.31	1.43	14.38
	420	156.71	128.35	205.59	360.32	231.31	313.42	125.66	858.67	1.43	14.39
	421	156.72	128.39	205.82	359.75	231.11	313.44	126.42	856.20	1.43	14.42
	422	156.73	128.85	205.48	360.21	231.76	313.47	126.10	858.81	1.43	14.42
	423	156.75	128.43	205.67	360.35	231.22	313.49	126.44	855.24	1.43	14.39
	424	156.76	128.65	205.49	358.92	231.27	313.52	126.04	859.26	1.43	14.41
	425	195.97	128.47	205.88	359.42	231.50	391.93	126.11	857.94	1.43	14.39
	426	195.98	128.66	205.87	359.14	231.53	391.96	126.31	855.74	1.43	14.38
	427	156.80	128.35	205.83	359.88	231.09	313.60	126.42	856.90	1.43	14.40
	428	156.81	128.52	204.87	361.22	232.34	313.62	126.29	854.36	1.43	14.37
	429	156.82	128.79	206.18	361.45	231.88	313.65	126.14	854.96	1.43	14.40
	430	156.84	128.53	205.98	360.05	230.89	313.67	125.98	859.80	1.43	14.40
	431	156.85	128.47	205.60	360.25	231.46	313.70	125.55	858.15	1.43	14.39
	432	196.08	128.65	205.47	359.91	231.80	392.15	125.94	858.96	1.43	14.40
	433	196.09	128.71	205.96	360.23	231.72	392.19	126.46	859.24	1.43	14.38
	434	156.89	128.49	206.23	360.33	230.94	313.77	126.37	858.21	1.43	14.37
	435	156.90	128.69	205.55	360.22	231.71	313.80	126.19	858.55	1.43	14.42
	436	156.91	128.45	205.43	359.70	231.18	313.82	125.27	858.77	1.43	14.39
	437	156.92	128.51	205.37	359.86	231.69	313.85	126.22	860.88	1.43	14.42
	438	156.94	128.45	205.61	359.68	231.01	313.88	126.26	858.25	1.43	14.41
	439	196.19	128.54	206.25	360.15	231.44	392.38	126.50	857.72	1.43	14.39
	440	196.20	128.72	206.26	360.15	231.33	392.41	126.27	858.02	1.43	14.37
	441	156.98	128.54	206.25	359.55	231.16	313.95	126.08	857.49	1.43	14.41
	442	156.99	128.56	206.03	360.46	232.13	313.98	125.96	854.46	1.43	14.46
	443	157.00	128.37	206.10	360.38	232.34	314.00	126.00	856.63	1.43	14.43
	444	157.01	128.78	206.36	360.13	231.72	314.03	126.16	859.34	1.43	14.41
	445	157.03	128.80	206.27	360.79	232.01	314.05	125.55	855.75	1.43	14.48
	446	196.30	128.86	206.03	361.27	231.53	392.60	125.83	856.51	1.43	14.43
	447	196.32	128.84	205.91	361.79	231.43	392.63	126.53	858.65	1.43	14.42
	448	157.06	128.75	205.39	360.99	231.81	314.13	125.88	859.15	1.43	14.41
	449	157.08	128.44	205.82	359.88	231.29	314.16	126.45	855.39	1.43	14.46
	450	157.09	128.71	205.92	360.26	231.87	314.18	126.12	857.05	1.44	14.41
	451	157.10	128.60	205.90	359.01	231.54	314.21	125.91	859.12	1.43	14.41
	452	157.12	128.61	205.80	360.67	232.47	314.23	126.07	855.03	1.44	14.47
	453	196.41	128.77	205.44	359.61	231.46	392.82	126.18	857.38	1.43	14.44
	454	196.43	128.68	205.59	360.43	231.47	392.85	125.98	854.86	1.43	14.43
	455	157.15	128.60	205.93	361.00	231.15	314.31	125.63	857.62	1.43	14.44
	456	157.17	128.99	206.23	360.74	231.79	314.33	125.98	857.88	1.43	14.42
	457	157.18	128.53	205.52	360.80	231.14	314.36	126.33	857.88	1.44	14.44
	458	157.19	129.16	206.22	360.57	231.08	314.38	126.25	858.38	1.43	14.47
	459	157.20	128.82	206.01	360.92	232.16	314.41	126.03	859.94	1.43	14.43
	460	196.52	128.92	205.95	361.26	231.68	393.04	126.31	858.30	1.43	14.46
	461	196.54	128.80	206.01	360.39	232.10	393.08	126.15	855.15	1.43	14.43
	462	157.24	128.76	206.14	359.50	231.53	314.49	126.23	859.00	1.43	14.41
	463	157.26	128.99	205.96	360.51	231.57	314.51	126.43	861.55	1.43	14.39
	464	157.27	128.82	206.25	359.90	231.14	314.54	126.24	856.81	1.43	14.44
	465	157.28	129.21	206.20	361.48	232.05	314.56	126.00	854.75	1.43	14.46
	466	157.29	128.84	205.87	361.01	231.96	314.59	125.58	856.89	1.43	14.42
	467	196.63	128.91	205.83	360.89	231.01	393.27	126.27	855.89	1.43	14.47
	468	196.65	129.08	205.68	359.58	232.16	393.30	126.32	858.43	1.43	14.45
	469	157.33	128.85	206.26	360.84	232.64	314.66	126.01	856.04	1.43	14.40
	470	157.34	129.39	206.26	361.01	231.68	314.69	126.22	857.58	1.43	14.44
	471	157.36	129.11	206.19	361.68	231.38	314.72	125.71	858.45	1.43	14.45
	472	157.37	128.79	205.89	361.03	231.71	314.74	126.07	857.42	1.43	14.45
	473	157.38	129.03	206.26	361.07	232.06	314.77	126.53	855.36	1.44	14.43
	474	196.74	128.87	205.89	361.29	231.90	393.49	125.88	859.00	1.43	14.41
	475	196.76	129.15	206.04	361.55	232.20	393.52	125.84	857.76	1.44	14.44
	476	157.42	129.21	206.53	361.81	232.09	314.84	125.95	855.89	1.43	14.45
	477	157.43	128.67	207.00	361.69	232.18	314.87	126.16	854.88	1.43	14.45
	478	157.45	129.04	206.25	360.93	232.06	314.89	126.39	855.45	1.43	14.44
	479	157.46	128.92	206.45	361.25	232.23	314.92	125.78	856.62	1.43	14.42
	480	157.47	128.84	206.46	360.53	231.98	314.94	126.00	855.84	1.43	14.43
	481	196.86	128.62	205.98	360.31	232.38	393.71	126.71	857.02	1.43	14.44
	482	196.87	128.84	206.54	361.50	231.92	393.74	126.13	855.54	1.43	14.42
	483	157.51	129.16	206.97	360.95	232.12	315.02	126.32	858.11	1.43	14.45
	484	157.52	128.98	206.14	361.47	231.91	315.05	126.06	856.65	1.43	14.49
	485	157.54	129.01	206.59	361.17	232.01	315.07	125.97	859.21	1.43	14.41
	486	157.55	128.90	206.62	360.44	232.48	315.10	126.25	859.88	1.43	14.41
	487	157.56	129.14	206.00	362.57	231.86	315.12	125.67	857.55	1.43	14.47
	488	196.97	129.07	206.53	360.85	232.14	393.94	125.84	857.56	1.43	14.47
	489	196.98	129.09	206.03	361.34	232.19	393.97	126.52	856.05	1.43	14.38
	490	157.60	129.31	206.61	361.26	232.12	315.20	126.02	857.05	1.43	14.45
	491	157.61	129.17	206.65	361.49	232.65	315.23	125.94	853.84	1.43	14.44
	492	157.63	129.20	206.44	360.98	232.54	315.25	125.93	855.81	1.43	14.47
	493	157.64	129.53	206.62	361.31	233.22	315.28	126.24	857.76	1.44	14.43
	494	157.65	128.71	205.76	360.60	231.74	315.30	125.92	856.11	1.43	14.46
	495	197.08	129.03	206.40	361.80	232.42	394.16	125.86	855.92	1.43	14.47
	496	197.10	129.14	206.67	361.28	232.16	394.19	125.88	855.13	1.43	14.45
	497	157.69	129.09	206.86	361.11	232.14	315.38	126.37	856.15	1.44	14.45
	498	157.70	129.24	206.63	360.91	231.67	315.40	126.10	857.66	1.43	14.46
	499	157.71	128.80	206.77	361.40	232.45	315.43	126.11	856.11	1.43	14.43
	500	157.73	129.34	206.85	362.01	232.72	315.46	126.21	856.15	1.44	14.43
	501	157.74	129.00	206.51	360.99	232.39	315.48	126.10	856.11	1.43	14.41
	502	197.19	128.85	206.64	361.19	232.13	394.38	125.29	858.30	1.43	14.42
	503	197.21	128.92	206.69	361.50	232.41	394.41	125.97	857.23	1.43	14.50
	504	157.78	129.32	206.86	362.28	232.11	315.56	126.04	859.21	1.44	14.45
	505	157.79	129.25	206.47	362.20	232.10	315.58	125.91	857.36	1.43	14.44
	506	157.80	128.92	207.03	361.66	232.47	315.61	126.03	857.94	1.44	14.46
	507	157.82	129.16	206.47	360.90	233.17	315.63	126.31	857.63	1.43	14.46
	508	157.83	129.23	206.62	361.01	232.01	315.66	126.14	853.46	1.43	14.49
	509	197.30	129.06	206.67	362.06	232.02	394.61	125.79	858.77	1.43	14.49
	510	197.32	129.39	206.16	362.28	232.67	394.64	126.24	856.14	1.43	14.43
	511	157.87	129.12	206.33	362.29	231.89	315.74	126.34	857.38	1.43	14.48
	512	157.88	129.04	206.75	361.75	232.26	315.76	125.93	858.10	1.43	14.47
	513	157.89	129.26	206.22	360.18	232.64	315.79	126.11	856.86	1.44	14.45
	514	157.91	128.89	206.73	360.92	232.11	315.81	125.69	856.73	1.43	14.42
	515	157.92	129.38	207.03	361.77	232.77	315.84	126.15	855.95	1.43	14.50
	516	197.42	128.97	206.60	361.21	232.73	394.83	125.90	854.70	1.44	14.48
	517	197.43	129.24	206.92	362.51	232.73	394.86	126.18	857.06	1.43	14.47
	518	157.96	129.47	206.55	362.65	232.87	315.92	125.73	855.82	1.43	14.48
	519	157.97	128.98	207.11	362.09	232.22	315.94	126.12	858.07	1.43	14.47
	520	157.98	129.25	206.09	361.01	232.52	315.97	126.01	855.11	1.43	14.50
	521	158.00	129.30	207.36	362.80	233.14	315.99	126.10	857.60	1.43	14.48
	522	158.01	129.52	206.26	361.77	233.05	316.02	125.87	855.60	1.43	14.49
	523	197.53	129.25	207.10	362.14	232.53	395.05	126.22	855.88	1.44	14.47
	524	197.54	128.89	206.80	361.83	233.20	395.09	125.54	856.85	1.43	14.46
	525	158.05	129.26	206.17	362.84	232.88	316.09	125.77	855.96	1.43	14.46
	526	158.06	129.19	206.76	361.14	233.06	316.12	126.07	857.51	1.43	14.52
	527	158.07	129.38	206.70	361.99	232.43	316.15	126.06	854.81	1.44	14.47
	528	158.09	129.61	207.17	363.13	233.30	316.17	125.98	860.31	1.44	14.51
	529	158.10	129.14	207.40	361.48	232.92	316.20	126.09	853.97	1.44	14.53
	530	197.64	129.36	207.32	362.58	232.85	395.28	125.77	857.14	1.43	14.51
	531	197.66	129.25	206.64	361.43	232.16	395.31	126.22	855.82	1.43	14.48
	532	158.14	129.43	207.21	362.26	233.13	316.27	126.25	856.69	1.43	14.44
	533	158.15	129.46	206.52	362.01	232.84	316.30	125.60	855.37	1.43	14.53
	534	158.16	129.35	206.76	362.34	233.09	316.33	125.90	856.78	1.43	14.49
	535	158.18	129.11	206.84	363.42	232.40	316.35	126.04	856.43	1.43	14.46
	536	158.19	129.41	207.28	362.24	232.50	316.38	125.68	857.34	1.43	14.48
	537	197.75	128.94	207.28	363.12	233.05	395.50	125.98	855.15	1.43	14.47
	538	197.77	129.57	207.02	361.53	232.85	395.53	126.02	855.39	1.43	14.52
	539	158.23	129.47	206.96	361.53	232.74	316.45	125.84	857.34	1.44	14.51
	540	158.24	129.17	207.22	362.63	232.61	316.48	126.00	856.34	1.44	14.52
	541	158.25	129.61	207.22	362.52	232.66	316.50	125.73	857.48	1.44	14.52
	542	158.27	129.29	207.37	362.23	233.17	316.53	125.39	856.16	1.43	14.50
	543	158.28	129.20	207.02	362.99	232.91	316.56	126.19	858.34	1.43	14.50
	544	197.86	129.18	206.68	362.16	232.93	395.73	125.79	854.62	1.43	14.48
	545	197.88	129.32	206.93	361.91	232.70	395.76	125.65	856.97	1.44	14.52
	546	158.32	129.54	207.36	362.81	232.88	316.63	125.83	856.24	1.43	14.51
	547	158.33	129.14	206.80	362.55	233.17	316.66	125.71	856.37	1.43	14.51
	548	158.34	129.59	207.28	362.26	232.60	316.68	126.04	853.71	1.44	14.50
	549	158.35	129.52	207.50	362.21	233.51	316.71	126.19	853.19	1.44	14.51
	550	158.37	129.45	207.38	362.38	233.24	316.74	125.95	854.75	1.44	14.50
	551	197.98	129.40	207.04	362.14	232.38	395.95	125.95	857.00	1.44	14.49
	552	197.99	129.33	207.33	362.30	232.58	395.98	126.18	858.10	1.44	14.53
	553	158.41	129.31	206.93	363.41	233.24	316.81	126.06	858.99	1.44	14.48
	554	158.42	129.55	206.95	363.10	233.25	316.84	125.58	858.96	1.43	14.56
	555	158.43	129.48	207.38	362.40	233.16	316.86	125.57	855.19	1.43	14.50
	556	158.44	129.54	207.64	363.74	233.29	316.89	125.61	857.41	1.44	14.51
	557	158.46	129.56	207.54	363.77	232.91	316.91	126.13	857.84	1.44	14.51
	558	198.09	129.46	206.74	362.17	233.15	396.18	125.27	855.84	1.44	14.49
	559	198.10	129.40	207.07	362.85	233.50	396.21	125.55	854.64	1.44	14.50
	560	158.50	129.20	207.14	362.19	233.42	316.99	126.20	854.37	1.43	14.49
	561	158.51	129.16	207.81	361.78	233.04	317.02	125.82	858.39	1.44	14.48
	562	158.52	129.53	207.05	363.42	232.72	317.04	126.13	858.73	1.44	14.50
	563	158.53	129.36	207.50	362.92	233.43	317.07	125.76	856.84	1.44	14.49
	564	158.55	129.68	207.25	363.20	233.44	317.09	125.56	856.13	1.44	14.48
	565	198.20	129.85	207.36	361.76	233.24	396.40	125.71	854.24	1.44	14.51
	566	198.22	129.72	206.78	362.36	232.79	396.43	125.96	856.74	1.43	14.51
	567	158.59	129.42	207.38	363.65	232.92	317.17	125.95	856.53	1.44	14.50
	568	158.60	129.57	207.34	362.71	233.63	317.20	125.94	856.93	1.44	14.53
	569	158.61	129.24	206.79	362.39	232.84	317.22	126.23	855.32	1.44	14.51
	570	158.62	129.51	207.17	361.52	232.95	317.25	125.83	856.80	1.44	14.53
	571	158.64	129.52	207.23	362.73	233.35	317.27	125.81	855.15	1.44	14.55
	572	198.31	129.24	207.26	363.68	233.35	396.62	125.89	856.51	1.44	14.51
	573	198.33	129.78	207.28	362.52	233.04	396.66	125.72	857.60	1.44	14.49
	574	158.68	129.14	207.22	363.26	232.60	317.35	126.20	856.03	1.43	14.51
	575	158.69	129.46	206.82	362.52	233.07	317.38	125.64	859.32	1.44	14.55
	576	158.70	129.47	207.13	362.78	233.74	317.40	125.60	856.93	1.44	14.47
	577	158.71	129.81	207.44	363.18	233.45	317.43	126.27	857.86	1.43	14.55
	578	158.73	129.30	207.10	363.03	233.40	317.45	126.09	857.08	1.44	14.51
	579	198.42	129.78	207.51	363.50	233.99	396.85	126.02	854.77	1.44	14.50
	580	198.44	129.22	206.98	363.80	233.71	396.88	125.94	851.34	1.44	14.46
	581	158.77	129.61	207.11	362.90	234.00	317.53	125.89	858.25	1.44	14.52
	582	158.78	129.71	207.22	362.25	233.73	317.56	126.15	858.17	1.44	14.52
	583	158.79	129.63	208.04	363.55	233.67	317.58	125.71	856.66	1.43	14.52
	584	158.80	129.39	207.48	362.51	232.83	317.61	126.18	856.25	1.44	14.52
	585	158.82	130.33	207.41	362.25	233.39	317.63	126.21	858.15	1.44	14.51
	586	198.54	129.95	207.34	363.34	233.67	397.07	125.34	852.98	1.43	14.53
	587	198.55	129.66	207.82	362.76	233.54	397.11	125.69	854.05	1.44	14.54
	588	158.86	129.70	207.74	362.71	234.01	317.71	126.22	856.12	1.44	14.52
	589	158.87	129.78	207.04	364.21	232.96	317.74	125.72	854.84	1.44	14.49
	590	158.88	129.64	207.47	363.89	233.41	317.76	125.62	854.01	1.43	14.52
	591	158.89	129.69	207.62	363.12	233.76	317.79	126.06	855.44	1.44	14.56
	592	158.91	129.98	207.31	362.77	233.29	317.81	125.82	858.23	1.43	14.54
	593	198.65	129.63	207.32	363.60	233.88	397.30	125.81	854.89	1.44	14.51
	594	198.67	130.08	207.69	362.92	233.73	397.33	125.96	854.40	1.44	14.54
	595	158.95	129.47	207.23	362.91	233.70	317.89	125.78	856.77	1.43	14.54
	596	158.96	129.72	207.82	363.53	233.16	317.92	125.87	856.11	1.44	14.53
	597	158.97	129.30	208.06	363.44	233.77	317.94	125.52	855.86	1.43	14.56
	598	158.98	129.58	207.19	363.26	233.69	317.97	125.86	856.05	1.44	14.57
	599	159.00	129.55	207.72	363.32	233.15	317.99	125.46	854.84	1.44	14.56
	600	198.76	129.64	207.30	363.66	233.75	397.53	126.17	855.51	1.44	14.52
	601	198.78	130.13	207.14	363.82	233.64	397.56	125.60	856.33	1.44	14.55
	602	159.04	129.99	207.34	362.42	233.64	318.07	125.72	853.52	1.44	14.50
	603	159.05	129.72	208.17	363.32	233.80	318.10	125.90	854.01	1.44	14.56
	604	159.06	129.76	207.61	363.28	234.02	318.12	125.80	855.09	1.44	14.57
	605	159.07	129.86	207.42	362.58	234.27	318.15	126.08	856.24	1.44	14.51
	606	159.09	129.84	207.46	363.80	233.04	318.17	125.90	856.36	1.44	14.55
	607	198.88	129.46	207.48	363.88	233.54	397.75	125.55	855.93	1.44	14.55
	608	198.89	129.91	207.92	363.55	234.21	397.78	125.80	857.24	1.44	14.53
	609	159.13	129.53	207.36	363.28	233.66	318.25	125.96	854.96	1.44	14.54
	610	159.14	129.88	208.28	363.90	233.43	318.28	126.07	856.26	1.44	14.55
	611	159.15	129.87	208.35	363.69	233.95	318.30	126.39	859.29	1.44	14.52
	612	159.16	129.65	207.61	364.27	233.42	318.33	126.43	856.79	1.44	14.53
	613	159.18	129.99	208.00	363.53	233.76	318.36	125.84	859.24	1.44	14.57
	614	198.99	129.76	207.40	363.07	234.18	397.98	125.74	855.50	1.44	14.58
	615	199.00	129.67	207.32	364.63	233.14	398.01	126.02	854.36	1.44	14.56
	616	159.22	129.83	208.22	365.04	233.97	318.43	125.66	855.62	1.44	14.57
	617	159.23	129.82	208.19	363.61	233.73	318.46	125.83	856.57	1.43	14.55
	618	159.24	129.83	207.74	363.20	233.39	318.48	125.53	859.45	1.44	14.58
	619	159.25	129.95	207.75	364.04	233.75	318.51	125.93	854.77	1.44	14.55
	620	159.27	129.57	207.91	363.62	234.25	318.54	126.23	854.43	1.43	14.54
	621	199.10	129.58	207.34	364.08	233.88	398.20	125.63	854.59	1.44	14.52
	622	199.12	129.79	208.26	363.49	233.79	398.23	126.02	853.43	1.44	14.59
	623	159.31	129.86	207.68	363.62	233.79	318.61	125.73	855.06	1.44	14.55
	624	159.32	129.94	207.94	365.14	233.68	318.64	126.13	856.45	1.44	14.54
	625	159.33	129.75	208.02	363.62	234.00	318.66	125.83	853.53	1.44	14.57
	626	159.35	130.14	208.02	364.27	234.14	318.69	125.90	853.99	1.44	14.53
	627	159.36	129.65	208.14	364.38	233.40	318.72	125.72	855.82	1.44	14.53
	628	199.21	129.91	207.82	364.24	234.41	398.43	125.98	853.60	1.44	14.53
	629	199.23	130.15	208.10	363.55	234.06	398.46	125.77	853.45	1.43	14.56
	630	159.40	130.02	208.00	364.48	234.04	318.79	126.58	856.07	1.44	14.52
	631	159.41	130.06	208.32	364.88	233.86	318.82	125.62	856.59	1.44	14.57
	632	159.42	129.99	208.01	364.08	234.06	318.85	125.58	855.97	1.44	14.54
	633	159.44	129.96	207.93	364.66	233.78	318.87	126.04	856.53	1.44	14.53
	634	159.45	130.04	207.91	362.89	234.34	318.90	126.08	857.28	1.44	14.51
	635	199.33	130.08	207.94	364.21	234.12	398.65	125.89	854.18	1.44	14.57
	636	199.34	129.69	207.90	364.49	234.56	398.69	125.65	853.68	1.44	14.57
	637	159.49	130.28	207.84	363.61	234.41	318.97	125.60	856.30	1.44	14.55
	638	159.50	130.23	208.11	364.27	234.46	319.00	125.79	855.88	1.44	14.62
	639	159.51	130.09	208.07	364.06	234.20	319.03	125.82	855.11	1.44	14.58
	640	159.53	130.07	208.43	362.91	234.06	319.05	125.56	857.69	1.44	14.58
	641	159.54	129.96	208.77	363.47	234.31	319.08	125.82	858.37	1.44	14.56
	642	199.44	130.40	207.99	364.03	233.79	398.88	126.08	854.87	1.44	14.56
	643	199.46	129.76	208.35	364.68	234.25	398.91	125.55	854.09	1.44	14.56
	644	159.58	130.22	208.22	363.92	234.71	319.16	125.69	853.51	1.44	14.57
	645	159.59	130.19	208.11	363.51	234.16	319.18	126.02	852.81	1.44	14.56
	646	159.60	130.20	208.11	363.99	234.27	319.21	125.89	853.29	1.43	14.58
	647	159.62	130.19	208.48	363.79	234.20	319.23	125.92	856.40	1.44	14.56
	648	159.63	130.25	208.35	363.96	234.18	319.26	126.14	854.26	1.44	14.65
	649	199.55	130.05	208.71	363.78	234.11	399.11	126.22	853.90	1.44	14.60
	650	199.57	130.17	208.07	364.25	234.49	399.14	126.14	855.11	1.44	14.53
	651	159.67	130.07	208.28	363.76	234.26	319.34	125.71	858.11	1.44	14.59
	652	159.68	130.20	208.55	363.86	234.46	319.36	125.52	853.72	1.44	14.55
	653	159.69	130.27	208.23	363.61	234.11	319.39	125.76	852.87	1.44	14.55
	654	159.71	130.20	208.22	364.56	234.31	319.41	125.76	856.57	1.44	14.57
	655	159.72	130.33	208.08	363.99	234.11	319.44	126.02	854.67	1.44	14.55
	656	199.67	130.10	208.14	364.59	234.22	399.33	125.50	857.08	1.44	14.56
	657	199.68	130.18	208.74	364.35	234.71	399.36	125.85	856.23	1.44	14.54
	658	159.76	129.96	207.88	364.81	235.05	319.52	126.00	854.84	1.44	14.57
	659	159.77	130.28	208.26	365.09	234.48	319.54	125.57	854.92	1.44	14.58
	660	159.78	130.12	208.65	364.70	235.00	319.57	125.73	858.01	1.44	14.57
	661	159.80	130.34	208.07	364.61	233.87	319.60	126.16	855.73	1.44	14.56
	662	159.81	130.05	208.04	363.55	234.52	319.62	125.49	856.33	1.44	14.56
	663	199.78	130.09	208.56	364.57	233.96	399.56	125.72	855.78	1.44	14.61
	664	199.80	130.28	208.46	365.48	234.27	399.59	126.21	854.92	1.44	14.59
	665	159.85	130.18	208.37	364.70	234.03	319.70	125.80	856.80	1.44	14.57
	666	159.86	130.29	208.76	365.20	234.88	319.72	125.97	852.43	1.44	14.60
	667	159.88	130.77	208.41	365.44	234.18	319.75	125.73	852.04	1.44	14.60
	668	159.89	130.34	208.88	364.55	234.70	319.78	125.86	854.61	1.44	14.53
	669	159.90	130.58	208.35	364.80	234.27	319.80	125.88	853.39	1.44	14.58
	670	199.89	130.21	208.30	364.39	234.82	399.79	126.15	857.74	1.45	14.55
	671	199.91	130.17	208.79	365.41	234.53	399.82	125.77	853.09	1.44	14.60
	672	159.94	130.21	208.71	364.23	234.35	319.88	125.43	856.10	1.44	14.55
	673	159.95	130.52	208.68	364.95	234.87	319.91	125.97	854.87	1.44	14.56
	674	159.97	130.31	208.20	364.68	234.33	319.93	125.22	852.65	1.44	14.61
	675	159.98	130.39	208.43	364.17	234.65	319.96	125.92	853.81	1.44	14.58
	676	159.99	130.56	208.38	365.05	234.93	319.98	125.93	857.32	1.44	14.61
	677	200.01	130.37	208.61	364.23	234.89	400.01	125.83	851.93	1.44	14.61
	678	200.02	129.85	208.41	365.58	235.08	400.04	125.61	855.22	1.44	14.61
	679	160.03	130.33	208.07	365.80	234.91	320.06	125.84	853.52	1.45	14.57
	680	160.04	130.13	208.19	364.82	234.41	320.09	125.77	855.20	1.44	14.58
	681	160.06	130.48	208.99	364.31	234.34	320.11	125.67	855.47	1.44	14.62
	682	160.07	130.37	208.78	364.85	234.87	320.14	125.99	853.90	1.44	14.58
	683	160.08	130.21	208.75	365.01	235.23	320.17	125.59	856.94	1.44	14.59
	684	200.12	130.09	208.82	365.57	233.86	400.24	125.54	857.28	1.44	14.62
	685	200.14	130.44	208.12	366.31	234.41	400.27	125.39	854.87	1.44	14.61
	686	160.12	130.54	208.92	363.99	234.24	320.24	125.63	852.11	1.44	14.63
	687	160.13	130.64	208.14	365.13	234.27	320.27	125.65	854.72	1.44	14.58
	688	160.15	130.39	208.30	364.85	235.19	320.29	125.81	854.32	1.44	14.59
	689	160.16	130.54	209.04	364.05	234.86	320.32	126.02	854.93	1.44	14.58
	690	160.17	130.28	208.55	365.04	234.83	320.35	125.84	855.79	1.44	14.59
	691	200.23	130.61	208.60	365.86	235.16	400.47	125.98	853.92	1.44	14.54
	692	200.25	130.34	208.91	365.37	234.84	400.50	125.92	855.37	1.44	14.62
	693	160.21	130.73	208.24	364.87	234.78	320.42	125.76	854.24	1.44	14.59
	694	160.23	130.35	208.36	364.69	234.68	320.45	125.50	855.68	1.44	14.59
	695	160.24	130.47	208.50	364.78	234.69	320.48	125.86	854.87	1.44	14.62
	696	160.25	130.30	208.92	365.61	234.76	320.50	125.39	855.58	1.44	14.62
	697	160.26	130.33	208.59	365.43	234.50	320.53	125.61	850.90	1.44	14.62
	698	200.35	130.55	208.71	365.77	234.61	400.69	125.42	858.05	1.44	14.61
	699	200.36	130.15	208.95	365.28	234.21	400.73	125.40	850.23	1.44	14.64
	700	160.30	130.56	208.69	364.82	234.60	320.61	125.83	855.00	1.44	14.65
	701	160.32	130.30	209.10	365.53	234.86	320.63	125.66	855.48	1.44	14.60
	702	160.33	130.60	208.41	365.46	235.27	320.66	125.67	856.79	1.44	14.61
	703	160.34	130.61	208.41	365.82	234.49	320.68	125.55	849.47	1.44	14.61
	704	160.36	130.38	208.79	365.30	235.00	320.71	125.84	852.30	1.44	14.63
	705	200.46	130.82	208.62	365.28	234.37	400.92	125.67	852.59	1.44	14.63
	706	200.48	130.95	208.67	365.16	234.91	400.95	125.41	855.13	1.44	14.61
	707	160.39	130.68	208.10	365.80	235.09	320.79	125.94	855.26	1.44	14.64
	708	160.41	130.51	208.88	364.84	234.87	320.81	125.39	853.80	1.44	14.65
	709	160.42	130.32	209.10	365.38	234.16	320.84	125.67	855.15	1.44	14.66
	710	160.43	130.58	209.12	365.55	234.39	320.87	126.11	853.24	1.45	14.64
	711	160.45	130.62	208.97	365.47	235.19	320.89	125.83	856.32	1.44	14.63
	712	200.57	130.46	208.83	365.75	235.12	401.15	125.55	855.76	1.44	14.61
	713	200.59	130.60	209.18	365.84	235.24	401.18	125.89	854.16	1.44	14.63
	714	160.48	130.42	208.37	365.94	235.89	320.97	125.71	855.47	1.44	14.62
	715	160.50	130.72	208.58	365.71	235.21	321.00	126.29	850.39	1.44	14.64
	716	160.51	130.91	208.40	366.00	235.49	321.02	125.53	853.44	1.44	14.63
	717	160.52	130.47	208.83	366.26	236.01	321.05	125.66	853.95	1.44	14.64
	718	160.54	130.62	209.69	365.13	235.58	321.07	125.72	854.71	1.44	14.61
	719	200.69	130.88	208.65	365.75	234.34	401.37	125.47	855.08	1.44	14.63
	720	200.70	130.72	208.66	366.38	235.09	401.41	125.40	853.36	1.44	14.64
	721	160.58	130.51	209.14	365.45	235.24	321.15	125.57	853.22	1.44	14.67
	722	160.59	130.21	208.76	366.38	234.87	321.18	125.35	854.04	1.44	14.63
	723	160.60	131.03	208.99	366.42	234.57	321.20	125.93	852.73	1.44	14.68
	724	160.61	130.92	209.81	365.01	234.98	321.23	125.75	852.94	1.44	14.65
	725	160.63	130.42	208.68	364.78	234.94	321.26	125.67	859.75	1.44	14.62
	726	200.80	130.83	209.60	367.15	235.31	401.60	125.53	855.79	1.44	14.62
	727	200.82	130.94	209.44	366.27	235.34	401.63	125.20	852.23	1.45	14.64
	728	160.67	130.36	208.76	366.62	235.32	321.33	125.56	855.77	1.44	14.64
	729	160.68	130.52	209.11	366.23	234.71	321.36	125.79	858.04	1.44	14.64
	730	160.69	130.63	208.93	365.65	235.47	321.39	125.84	855.01	1.44	14.60
	731	160.71	130.55	209.39	366.42	235.30	321.41	125.34	851.68	1.45	14.64
	732	160.72	130.87	208.85	365.77	236.00	321.44	125.78	853.03	1.44	14.67
	733	200.92	130.74	209.29	365.39	235.16	401.83	125.93	854.34	1.44	14.64
	734	200.93	130.94	208.87	366.51	235.68	401.86	125.75	855.30	1.44	14.62
	735	160.76	130.66	209.17	365.64	234.98	321.52	126.15	856.99	1.44	14.66
	736	160.77	130.57	208.94	366.12	235.13	321.54	125.82	854.30	1.44	14.66
	737	160.78	130.56	208.98	367.64	234.74	321.57	125.29	856.83	1.44	14.64
	738	160.80	130.54	209.47	365.68	235.69	321.59	125.24	852.49	1.45	14.63
	739	160.81	130.82	209.47	366.25	235.54	321.62	125.57	854.02	1.44	14.65
	740	201.03	130.71	209.32	366.06	235.26	402.06	125.77	852.00	1.44	14.65
	741	201.05	130.97	209.73	366.19	235.77	402.09	125.77	855.26	1.44	14.66
	742	160.85	131.08	209.38	366.39	235.41	321.70	125.48	855.05	1.44	14.64
	743	160.86	130.97	208.94	366.35	235.04	321.72	125.83	851.91	1.44	14.64
	744	160.88	130.81	209.00	365.64	235.25	321.75	125.64	853.95	1.44	14.68
	745	160.89	130.91	209.47	365.43	235.50	321.78	125.52	855.27	1.44	14.68
	746	160.90	130.85	210.06	365.85	235.36	321.80	125.56	851.45	1.45	14.66
	747	201.14	130.97	209.34	364.51	235.34	402.29	125.65	853.53	1.45	14.61
	748	201.16	130.75	209.63	366.53	235.04	402.32	125.47	855.64	1.44	14.67
	749	160.94	130.93	209.41	366.47	235.69	321.88	125.53	854.88	1.44	14.60
	750	160.95	130.81	209.43	364.80	235.16	321.91	125.78	855.11	1.44	14.66
	751	160.97	130.83	209.56	367.03	235.80	321.93	125.49	850.03	1.44	14.70
	752	160.98	130.85	209.35	366.03	235.04	321.96	125.39	853.07	1.44	14.65
	753	160.99	130.78	209.51	366.21	235.71	321.99	125.70	856.60	1.44	14.65
	754	201.26	131.02	209.33	366.72	235.44	402.51	126.19	852.67	1.44	14.64
	755	201.27	130.77	209.73	366.89	235.31	402.55	125.34	852.68	1.45	14.67
	756	161.03	130.85	209.29	366.46	235.71	322.06	125.40	852.38	1.44	14.62
	757	161.04	131.29	209.20	366.20	235.96	322.09	125.28	851.19	1.44	14.65
	758	161.06	131.08	209.71	366.05	235.95	322.12	125.51	850.45	1.44	14.64
	759	161.07	130.78	209.29	366.29	236.07	322.14	125.59	853.81	1.45	14.68
	760	161.08	130.77	208.91	367.08	235.92	322.17	125.74	854.72	1.45	14.67
	761	201.37	130.84	209.68	366.38	235.36	402.74	125.39	851.28	1.44	14.63
	762	201.39	130.58	209.74	366.73	235.94	402.77	125.52	852.82	1.44	14.66
	763	161.12	130.56	209.69	367.20	235.09	322.25	125.40	854.44	1.44	14.70
	764	161.14	131.18	209.83	367.26	235.65	322.27	125.65	854.74	1.44	14.66
	765	161.15	130.80	209.90	366.22	236.37	322.30	125.51	855.26	1.44	14.67
	766	161.16	130.87	209.52	366.95	235.67	322.32	126.01	853.70	1.44	14.62
	767	161.18	131.44	209.67	366.99	235.84	322.35	125.37	850.59	1.44	14.70
	768	201.49	130.79	209.69	366.75	235.18	402.97	125.33	855.69	1.44	14.66
	769	201.50	131.31	209.38	366.86	235.43	403.00	125.48	853.08	1.44	14.67
	770	161.21	131.04	209.40	366.41	235.99	322.43	125.47	855.78	1.44	14.63
	771	161.23	131.25	209.61	366.82	236.05	322.45	125.21	851.72	1.44	14.69
	772	161.24	131.19	209.50	366.41	236.51	322.48	125.49	854.63	1.45	14.62
	773	161.25	131.09	209.25	366.66	236.04	322.51	125.06	851.25	1.44	14.63
	774	161.27	130.80	209.06	367.60	235.70	322.53	125.40	855.29	1.45	14.64
	775	201.60	131.19	209.02	367.41	235.71	403.20	125.26	853.97	1.45	14.69
	776	201.62	130.64	209.70	366.35	235.65	403.23	125.30	854.93	1.45	14.69
	777	161.31	130.95	209.65	365.80	235.84	322.61	125.80	853.73	1.44	14.66
	778	161.32	130.67	209.31	365.79	235.83	322.64	125.40	853.39	1.44	14.67
	779	161.33	131.04	209.84	367.48	235.33	322.66	125.64	853.18	1.44	14.71
	780	161.35	130.91	209.49	366.44	236.08	322.69	125.57	854.09	1.44	14.69
	781	161.36	131.43	210.02	366.97	236.34	322.72	125.67	854.47	1.44	14.65
	782	201.71	131.18	210.13	368.33	235.21	403.43	125.04	853.91	1.44	14.68
	783	201.73	131.17	209.81	367.16	235.37	403.46	125.71	853.97	1.45	14.65
	784	161.40	131.34	209.63	367.24	236.19	322.79	125.06	851.24	1.44	14.70
	785	161.41	131.24	210.08	366.10	236.22	322.82	125.14	851.67	1.45	14.69
	786	161.42	131.11	209.53	367.91	236.25	322.85	125.46	849.63	1.44	14.64
	787	161.44	131.27	210.33	367.44	235.78	322.87	125.22	852.81	1.44	14.70
	788	161.45	131.31	209.60	367.72	236.05	322.90	125.50	848.13	1.45	14.64
	789	201.83	131.25	209.86	366.86	235.56	403.66	125.80	851.91	1.44	14.70
	790	201.84	131.18	209.49	367.08	236.15	403.69	125.51	852.05	1.44	14.70
	791	161.49	131.33	210.16	367.49	235.51	322.98	125.25	850.32	1.44	14.70
	792	161.50	131.24	209.82	367.03	235.60	323.00	124.91	848.80	1.44	14.67
	793	161.51	131.06	209.79	367.23	235.94	323.03	124.96	849.32	1.44	14.67
	794	161.53	131.39	209.84	367.64	236.49	323.06	124.92	851.69	1.44	14.70
	795	161.54	131.01	209.79	366.63	235.92	323.08	125.33	851.50	1.44	14.72
	796	201.94	131.00	209.68	367.53	236.37	403.89	125.34	858.46	1.44	14.70
	797	201.96	131.11	209.87	366.80	236.16	403.92	125.55	856.23	1.45	14.68
	798	161.58	131.12	209.66	367.55	235.67	323.16	125.45	852.87	1.45	14.69
	799	161.59	131.11	209.97	366.52	236.14	323.19	125.36	850.75	1.45	14.68
	800	161.61	131.27	210.53	367.79	236.24	323.21	125.67	853.13	1.44	14.71
	801	161.62	131.07	210.35	366.87	236.17	323.24	125.71	851.10	1.45	14.69
	802	161.63	131.52	209.98	367.12	236.08	323.27	125.60	853.45	1.44	14.73
	803	202.06	131.05	209.65	368.62	236.29	404.11	125.36	850.23	1.44	14.70
	804	202.07	131.46	209.80	367.85	236.60	404.15	125.79	849.73	1.45	14.68
	805	161.67	131.20	209.84	366.42	235.57	323.34	125.12	851.68	1.45	14.74
	806	161.69	131.30	210.36	367.26	236.48	323.37	125.42	854.00	1.44	14.70
	807	161.70	131.39	210.07	367.56	236.67	323.40	125.29	849.47	1.45	14.69
	808	161.71	131.05	209.42	367.37	236.76	323.42	125.36	854.00	1.45	14.71
	809	161.72	131.54	209.98	367.65	235.64	323.45	125.06	853.63	1.44	14.70
	810	202.17	131.38	209.83	367.97	236.49	404.34	125.54	853.71	1.45	14.66
	811	202.19	131.12	209.62	367.80	235.91	404.38	125.67	849.82	1.45	14.71
	812	161.76	131.51	209.43	367.89	236.20	323.53	125.40	853.94	1.45	14.73
	813	161.78	131.36	210.00	367.39	236.55	323.55	125.45	852.72	1.44	14.71
	814	161.79	131.35	210.09	368.76	236.06	323.58	125.48	854.39	1.44	14.73
	815	161.80	131.23	209.74	367.65	236.24	323.61	125.33	849.59	1.45	14.70
	816	161.82	130.89	209.90	366.88	236.08	323.63	125.28	854.37	1.45	14.71
	817	202.29	131.27	210.21	367.58	236.59	404.57	125.50	851.72	1.44	14.73
	818	202.30	131.34	210.42	367.71	236.55	404.61	125.49	850.76	1.44	14.72
	819	161.86	131.16	210.35	368.29	236.39	323.71	125.11	853.69	1.45	14.69
	820	161.87	131.32	209.89	367.67	236.74	323.74	125.52	849.33	1.45	14.70
	821	161.88	131.23	210.10	367.23	235.63	323.76	125.41	851.92	1.45	14.74
	822	161.89	131.19	210.42	367.94	235.67	323.79	125.11	853.37	1.45	14.72
	823	161.91	131.25	210.47	368.33	236.08	323.82	125.10	852.56	1.45	14.76
	824	202.40	131.28	210.31	366.95	236.26	404.80	125.07	852.19	1.45	14.70
	825	202.42	131.63	210.28	368.15	236.33	404.84	125.01	850.84	1.45	14.74
	826	161.95	131.61	211.05	367.74	236.50	323.89	125.21	853.03	1.45	14.73
	827	161.96	131.27	210.16	368.24	236.73	323.92	125.21	848.68	1.45	14.74
	828	161.97	131.38	210.78	368.17	236.54	323.95	125.18	850.27	1.45	14.67
	829	161.99	131.32	210.49	367.93	236.69	323.97	125.11	851.01	1.45	14.71
	830	162.00	130.97	209.98	368.03	236.73	324.00	125.01	851.30	1.45	14.75
	831	202.52	131.54	210.32	368.23	236.80	405.03	125.39	852.96	1.44	14.78
	832	202.53	131.22	210.04	368.15	236.56	405.06	125.24	850.22	1.45	14.69
	833	162.04	131.24	210.23	367.02	236.84	324.08	125.56	852.03	1.45	14.69
	834	162.05	131.46	209.89	366.96	236.33	324.10	125.58	849.40	1.45	14.74
	835	162.07	131.44	210.86	367.72	236.43	324.13	125.16	853.97	1.45	14.69
	836	162.08	131.19	210.70	367.17	236.97	324.16	125.39	849.42	1.45	14.67
	837	162.09	131.18	210.39	367.66	236.71	324.18	125.37	851.29	1.45	14.71
	838	202.63	131.69	210.49	368.03	236.27	405.26	125.39	853.49	1.45	14.71
	839	202.65	131.51	210.86	367.68	237.19	405.29	124.92	852.20	1.45	14.74
	840	162.13	131.59	210.09	367.20	237.26	324.26	125.07	848.92	1.45	14.76
	841	162.14	131.25	210.73	368.03	236.11	324.29	125.70	854.01	1.45	14.71
	842	162.16	131.72	210.58	366.86	237.07	324.31	125.27	850.50	1.45	14.70
	843	162.17	131.61	210.17	367.30	236.80	324.34	125.27	853.19	1.45	14.72
	844	162.18	130.97	210.37	367.97	236.87	324.37	125.27	851.80	1.44	14.71
	845	202.75	131.81	210.53	367.82	236.76	405.49	125.47	852.28	1.44	14.72
	846	202.76	131.84	209.61	367.56	236.00	405.52	125.25	849.39	1.44	14.70
	847	162.22	131.37	210.19	366.71	236.68	324.45	125.82	850.38	1.45	14.77
	848	162.24	131.49	210.81	369.58	237.06	324.47	125.31	852.39	1.45	14.73
	849	162.25	131.51	210.12	368.24	236.72	324.50	125.26	853.31	1.45	14.72
	850	162.26	131.42	209.82	367.06	236.98	324.52	125.19	852.40	1.44	14.74
	851	162.28	131.35	210.82	368.58	236.38	324.55	125.02	850.78	1.45	14.75
	852	202.86	131.53	210.41	368.07	237.13	405.72	125.33	851.96	1.44	14.73
	853	202.88	131.53	210.20	367.86	237.13	405.75	125.16	851.65	1.45	14.72
	854	162.31	131.49	210.83	368.57	237.06	324.63	125.55	851.22	1.45	14.74
	855	162.33	131.62	210.57	367.25	236.38	324.66	125.00	850.23	1.45	14.72
	856	162.34	131.42	210.64	367.76	237.26	324.68	125.26	847.49	1.45	14.72
	857	162.35	131.49	210.24	368.84	237.36	324.71	125.58	848.35	1.45	14.77
	858	162.37	131.64	211.05	367.89	237.36	324.73	125.02	851.20	1.45	14.76
	859	202.98	131.73	209.98	369.40	236.66	405.95	125.53	850.67	1.45	14.73
	860	202.99	131.62	210.80	367.87	236.91	405.98	124.57	853.15	1.45	14.78
	861	162.41	131.34	210.55	368.71	236.63	324.81	125.19	851.43	1.44	14.75
	862	162.42	131.64	210.78	369.24	237.15	324.84	124.55	852.35	1.45	14.76
	863	162.43	131.77	210.11	368.94	236.89	324.87	125.59	851.56	1.45	14.77
	864	162.45	131.81	210.58	368.84	237.05	324.89	125.33	854.88	1.44	14.78
	865	162.46	131.51	210.34	368.69	236.86	324.92	124.87	851.07	1.45	14.73
	866	203.09	131.95	210.87	368.12	236.80	406.18	124.85	851.84	1.45	14.78
	867	203.11	131.50	210.85	368.19	237.17	406.21	125.47	851.35	1.45	14.74
	868	162.50	132.11	210.69	368.31	237.07	325.00	124.96	852.73	1.45	14.75
	869	162.51	131.85	210.20	369.54	237.39	325.02	124.59	852.01	1.45	14.75
	870	162.53	131.79	210.76	368.30	237.75	325.05	124.86	851.82	1.45	14.78
	871	162.54	131.09	211.07	367.29	236.98	325.08	125.24	848.34	1.45	14.77
	872	162.55	131.49	210.96	368.98	237.08	325.10	124.86	849.16	1.45	14.76
	873	203.21	131.98	210.62	368.98	236.38	406.41	125.23	850.78	1.44	14.75
	874	203.22	132.19	211.18	368.94	237.15	406.44	124.94	849.53	1.45	14.74
	875	162.59	131.76	211.16	368.14	236.99	325.18	124.93	850.39	1.45	14.75
	876	162.60	131.08	210.89	368.34	237.29	325.21	125.41	849.82	1.45	14.71
	877	162.62	131.93	211.20	369.55	237.24	325.23	125.01	848.93	1.45	14.78
	878	162.63	131.69	211.56	369.15	236.84	325.26	125.11	851.14	1.45	14.79
	879	162.64	132.02	211.39	369.04	237.24	325.29	125.31	853.95	1.45	14.78
	880	203.32	131.85	211.57	368.89	236.83	406.64	124.73	850.31	1.45	14.78
	881	203.34	131.74	211.67	369.14	237.48	406.68	125.17	849.98	1.45	14.76
	882	162.68	131.48	210.73	370.32	237.19	325.37	125.09	847.67	1.45	14.76
	883	162.70	131.72	210.62	368.49	237.16	325.39	125.93	850.12	1.45	14.77
	884	162.71	131.63	211.23	368.91	237.20	325.42	124.96	851.22	1.45	14.78
	885	162.72	131.78	211.05	369.21	237.07	325.45	125.34	845.95	1.44	14.74
	886	162.74	131.89	210.67	368.98	237.56	325.47	124.89	851.12	1.45	14.77
	887	203.44	131.52	210.78	368.72	236.94	406.87	124.87	852.41	1.45	14.72
	888	203.45	131.94	210.28	367.86	236.89	406.91	125.26	849.58	1.45	14.76
	889	162.78	131.68	210.94	368.61	237.02	325.55	125.27	851.21	1.45	14.78
	890	162.79	131.64	210.26	369.15	237.58	325.58	125.24	853.41	1.45	14.78
	891	162.80	131.95	210.46	369.25	237.50	325.60	125.11	850.78	1.45	14.78
	892	162.82	131.74	210.44	369.42	237.37	325.63	125.21	851.56	1.45	14.77
	893	162.83	131.72	211.29	369.08	237.65	325.66	125.29	851.37	1.45	14.80
	894	203.55	131.89	211.13	368.12	237.24	407.10	124.60	849.25	1.45	14.78
	895	203.57	131.45	211.55	369.15	237.79	407.14	125.44	850.37	1.44	14.75
	896	162.87	132.04	211.58	368.57	237.85	325.74	125.32	849.24	1.45	14.78
	897	162.88	131.71	210.41	368.80	236.80	325.76	125.04	850.19	1.45	14.76
	898	162.89	131.79	211.13	368.35	237.27	325.79	125.35	851.52	1.45	14.76
	899	162.91	131.75	210.96	369.28	237.72	325.81	124.69	848.62	1.45	14.74
	900	162.92	131.94	211.24	370.22	237.46	325.84	125.15	850.93	1.45	14.79
	901	203.67	131.87	211.57	368.69	237.07	407.33	124.97	850.71	1.45	14.79
	902	203.68	131.95	210.95	370.09	237.27	407.37	124.43	848.69	1.45	14.77
	903	162.96	132.18	211.11	368.88	236.93	325.92	125.09	847.56	1.45	14.81
	904	162.97	131.72	211.60	370.43	237.25	325.95	124.99	848.37	1.45	14.77
	905	162.99	131.91	210.88	369.86	237.55	325.97	124.67	848.67	1.45	14.79
	906	163.00	132.08	211.29	369.78	237.84	326.00	125.08	850.65	1.45	14.76
	907	163.01	131.99	211.39	370.13	237.08	326.03	125.23	848.46	1.45	14.78
	908	203.78	131.91	210.94	369.99	237.89	407.57	125.06	848.66	1.45	14.78
	909	203.80	131.78	211.58	369.52	237.97	407.60	124.87	851.27	1.45	14.77
	910	163.05	131.97	211.29	369.82	237.36	326.11	125.11	849.74	1.45	14.77
	911	163.07	131.98	211.34	369.30	237.30	326.13	125.10	851.16	1.45	14.74
	912	163.08	131.77	212.07	370.20	237.32	326.16	125.00	848.44	1.45	14.75
	913	163.09	131.81	211.61	370.09	237.25	326.18	124.91	849.71	1.45	14.78
	914	163.11	132.05	210.39	369.29	237.50	326.21	124.98	849.80	1.45	14.83
	915	203.90	132.19	210.88	370.84	237.71	407.80	125.07	848.54	1.45	14.79
	916	203.91	131.87	211.53	368.83	237.80	407.83	124.91	853.25	1.45	14.80
	917	163.15	132.08	211.97	368.75	237.36	326.29	125.08	850.83	1.45	14.81
	918	163.16	131.99	211.61	370.13	238.22	326.32	125.38	847.99	1.45	14.79
	919	163.17	131.89	211.28	370.03	237.78	326.34	124.97	847.51	1.45	14.81
	920	163.18	132.34	211.04	370.51	237.61	326.37	125.09	851.23	1.45	14.80
	921	163.20	131.69	211.15	368.65	237.79	326.40	124.98	852.35	1.45	14.82
	922	204.01	131.97	211.49	369.35	237.19	408.03	125.14	848.52	1.45	14.80
	923	204.03	132.34	211.37	370.59	237.51	408.06	125.37	851.10	1.45	14.81
	924	163.24	131.98	210.91	369.79	237.58	326.48	124.68	845.65	1.45	14.81
	925	163.25	131.92	211.00	369.69	237.51	326.50	125.00	849.34	1.45	14.77
	926	163.26	131.92	211.01	369.97	237.75	326.53	125.22	846.15	1.45	14.82
	927	163.28	132.08	211.40	369.91	236.71	326.55	124.43	848.63	1.45	14.79
	928	163.29	132.27	211.42	370.23	237.68	326.58	124.95	849.73	1.45	14.78
	929	204.13	132.39	211.62	369.80	237.69	408.26	124.99	848.46	1.45	14.80
	930	204.15	131.96	211.52	368.74	237.84	408.29	125.28	850.39	1.45	14.79
	931	163.33	132.34	210.98	369.92	237.89	326.66	125.32	849.47	1.45	14.78
	932	163.34	132.04	211.84	370.09	237.83	326.69	124.99	850.54	1.45	14.77
	933	163.36	132.13	210.83	369.76	237.65	326.71	125.18	848.99	1.45	14.80
	934	163.37	132.05	211.30	368.37	238.17	326.74	124.81	849.59	1.45	14.78
	935	163.38	131.88	211.03	370.34	238.28	326.77	125.03	851.58	1.45	14.81
	936	204.25	132.01	211.70	370.17	237.72	408.49	124.96	847.69	1.45	14.80
	937	204.26	132.26	211.22	369.71	237.08	408.52	125.27	847.46	1.45	14.78
	938	163.42	131.98	211.48	370.19	237.47	326.85	124.84	848.48	1.45	14.81
	939	163.44	132.31	211.57	370.06	238.62	326.87	124.78	853.59	1.45	14.79
	940	163.45	132.11	211.37	370.66	237.98	326.90	124.65	852.33	1.45	14.78
	941	163.46	132.12	211.48	370.17	238.74	326.92	125.12	851.08	1.45	14.79
	942	163.48	132.31	211.72	370.11	238.27	326.95	124.77	849.81	1.45	14.82
	943	204.36	131.91	211.90	369.85	237.53	408.72	124.67	849.34	1.45	14.79
	944	204.38	132.42	211.89	370.47	237.74	408.76	124.79	851.19	1.45	14.80
	945	163.52	131.92	211.50	370.38	237.57	327.03	124.64	848.03	1.45	14.80
	946	163.53	132.22	211.79	369.89	237.41	327.06	124.64	848.67	1.45	14.83
	947	163.54	131.87	211.71	369.96	238.04	327.08	124.64	847.86	1.45	14.82
	948	163.56	132.40	211.42	370.53	238.05	327.11	124.82	851.55	1.45	14.81
	949	163.57	131.88	211.70	369.98	238.31	327.14	125.14	851.97	1.45	14.82
	950	204.48	132.00	211.42	371.21	238.45	408.95	124.74	850.79	1.45	14.80
	951	204.49	132.32	211.72	370.29	237.89	408.99	124.87	847.55	1.45	14.82
	952	163.61	132.16	211.51	369.62	238.31	327.22	124.77	852.16	1.45	14.80
	953	163.62	132.36	212.18	371.27	238.28	327.24	124.42	849.96	1.45	14.79
	954	163.63	132.63	211.20	370.02	237.83	327.27	125.00	848.99	1.45	14.82
	955	163.65	132.22	211.78	370.63	237.95	327.30	125.38	848.97	1.45	14.81
	956	163.66	132.64	211.79	369.72	238.52	327.32	125.12	849.34	1.45	14.87
	957	204.59	132.19	212.10	370.20	238.13	409.19	124.56	847.27	1.45	14.83
	958	204.61	132.11	212.18	370.32	238.19	409.22	124.73	848.89	1.45	14.85
	959	163.70	132.44	211.70	370.40	237.50	327.40	124.45	849.83	1.45	14.83
	960	163.71	132.36	211.64	370.41	238.99	327.43	124.54	846.88	1.45	14.85
	961	163.73	132.39	211.64	371.97	238.42	327.45	124.66	847.64	1.45	14.82
	962	163.74	132.51	211.51	370.22	237.73	327.48	124.10	850.45	1.45	14.82
	963	163.75	132.30	211.62	371.39	237.69	327.51	124.87	847.44	1.45	14.80
	964	204.71	132.51	212.22	370.65	238.78	409.42	124.87	848.25	1.45	14.80
	965	204.73	132.56	212.18	370.55	237.80	409.45	125.02	850.06	1.45	14.82
	966	163.79	132.30	211.65	370.13	238.17	327.59	124.95	848.42	1.45	14.82
	967	163.81	132.53	211.44	371.23	238.66	327.61	125.14	849.12	1.45	14.83
	968	163.82	132.55	211.53	370.51	237.61	327.64	124.63	847.90	1.45	14.83
	969	163.83	132.44	211.51	371.27	238.05	327.67	124.36	847.82	1.45	14.82
	970	163.85	132.42	211.45	370.83	238.78	327.69	124.80	847.87	1.45	14.82
	971	204.83	132.31	211.93	370.49	238.45	409.65	124.37	850.10	1.45	14.84
	972	204.84	132.51	212.43	370.40	238.24	409.68	124.76	847.02	1.45	14.81
	973	163.89	132.42	212.12	371.03	238.74	327.77	124.93	848.26	1.45	14.84
	974	163.90	132.67	211.54	371.30	238.16	327.80	124.91	848.97	1.45	14.86
	975	163.91	132.47	211.42	371.85	238.28	327.83	124.58	848.48	1.45	14.81
	976	163.93	132.82	211.81	370.16	238.20	327.85	124.88	846.85	1.45	14.83
	977	163.94	132.87	212.01	371.35	238.15	327.88	124.49	847.68	1.46	14.82
	978	204.94	132.20	212.47	370.80	237.78	409.88	124.97	847.46	1.45	14.84
	979	204.96	132.71	211.49	370.77	238.60	409.92	124.53	847.48	1.45	14.81
	980	163.98	132.40	211.88	371.13	239.27	327.96	124.72	849.27	1.45	14.85
	981	163.99	132.46	211.81	370.50	237.71	327.99	124.48	848.03	1.46	14.81
	982	164.01	131.99	211.47	370.34	238.19	328.01	125.08	849.44	1.45	14.88
	983	164.02	132.13	211.94	370.41	238.36	328.04	125.07	849.12	1.45	14.85
	984	164.03	132.55	212.20	371.39	238.93	328.07	124.61	846.87	1.45	14.85
	985	205.06	132.53	211.44	372.09	238.88	410.11	124.85	850.60	1.45	14.83
	986	205.07	132.24	212.18	370.12	238.45	410.15	124.98	848.06	1.46	14.85
	987	164.07	132.65	212.39	371.47	238.18	328.15	125.10	849.07	1.45	14.81
	988	164.09	132.59	212.56	370.97	238.62	328.17	124.69	848.32	1.45	14.83
	989	164.10	132.42	211.68	371.57	238.19	328.20	124.75	844.33	1.45	14.84
	990	164.11	132.75	211.97	371.08	238.53	328.22	124.71	848.01	1.45	14.88
	991	164.13	132.71	211.65	370.18	238.79	328.25	125.05	850.78	1.45	14.83
	992	205.17	132.65	212.72	370.88	238.15	410.35	124.44	849.27	1.45	14.86
	993	205.19	132.61	211.76	372.11	239.18	410.38	124.81	847.44	1.45	14.86
	994	164.17	132.66	211.99	371.80	238.68	328.33	124.89	846.40	1.45	14.88
	995	164.18	132.50	211.94	371.75	238.68	328.36	124.84	848.96	1.45	14.84
	996	164.19	132.86	211.92	371.20	238.74	328.38	124.20	846.03	1.45	14.87
	997	164.21	132.70	211.92	372.33	238.36	328.41	125.16	848.77	1.45	14.86
	998	164.22	132.70	211.60	370.88	238.63	328.44	124.77	851.42	1.46	14.86
	999	205.29	132.48	212.02	371.15	239.14	410.58	124.73	848.46	1.45	14.85
	1000	205.31	132.69	212.28	371.42	238.80	410.61	124.58	846.74	1.45	14.87
	1001	164.26	132.71	212.65	371.51	238.35	328.52	124.43	847.42	1.45	14.87
	1002	164.27	132.90	212.54	370.90	238.25	328.54	124.68	846.91	1.45	14.86
	1003	164.29	132.81	212.43	371.71	239.11	328.57	124.91	847.67	1.45	14.88
	1004	164.30	132.90	212.26	371.03	238.72	328.60	125.05	846.52	1.45	14.87
	1005	164.31	132.47	212.57	372.04	238.82	328.62	124.61	845.24	1.45	14.83
	1006	205.41	132.43	212.10	371.96	239.33	410.81	124.95	849.22	1.45	14.89
	1007	205.42	132.62	211.67	372.21	238.01	410.85	124.81	851.15	1.45	14.89
	1008	164.35	132.84	211.50	371.22	238.99	328.70	125.31	849.04	1.45	14.85
	1009	164.37	132.63	212.09	372.46	238.14	328.73	124.55	847.55	1.45	14.85
	1010	164.38	132.59	212.06	371.76	238.85	328.76	124.43	848.41	1.45	14.85
	1011	164.39	132.67	212.28	372.00	238.94	328.78	124.98	850.68	1.45	14.86
	1012	164.41	132.76	212.32	370.75	238.32	328.81	124.16	845.26	1.45	14.90
	1013	205.52	132.80	212.38	371.40	238.25	411.05	125.01	848.15	1.45	14.86
	1014	205.54	132.68	212.80	373.11	238.70	411.08	124.54	849.69	1.45	14.85
	1015	164.44	132.72	212.45	371.50	239.14	328.89	125.01	849.32	1.45	14.88
	1016	164.46	132.59	212.29	371.70	239.00	328.92	124.95	847.81	1.46	14.90
	1017	164.47	132.77	211.77	371.59	238.50	328.94	124.52	847.76	1.46	14.84
	1018	164.48	132.54	212.26	370.83	238.93	328.97	124.72	848.81	1.45	14.88
	1019	164.50	132.51	212.02	371.18	239.44	329.00	124.03	844.31	1.45	14.84
	1020	205.64	132.61	212.15	371.29	239.04	411.28	124.44	850.00	1.45	14.87
	1021	205.66	132.85	212.41	371.18	238.93	411.31	124.46	848.94	1.45	14.87
	1022	164.54	132.92	212.07	372.71	239.01	329.08	124.69	847.54	1.45	14.83
	1023	164.55	132.67	212.53	371.84	239.11	329.10	124.82	847.14	1.45	14.89
	1024	164.56	132.79	212.04	371.51	239.10	329.13	124.38	843.97	1.45	14.91
	1025	164.58	132.62	212.41	371.91	238.90	329.16	124.82	843.37	1.45	14.92
	1026	164.59	132.78	213.10	371.67	238.96	329.18	124.70	847.75	1.45	14.84
	1027	205.76	132.81	212.77	372.67	239.40	411.51	124.83	850.13	1.46	14.86
	1028	205.77	132.66	212.48	372.36	238.87	411.55	124.85	846.49	1.45	14.86
	1029	164.63	132.69	212.37	372.56	239.05	329.26	124.55	846.54	1.46	14.89
	1030	164.64	133.35	212.17	372.99	238.92	329.29	124.69	848.53	1.45	14.91
	1031	164.66	132.51	212.35	371.83	238.67	329.32	124.93	846.46	1.46	14.87
	1032	164.67	132.89	213.39	372.74	239.27	329.34	124.10	844.84	1.45	14.89
	1033	164.68	132.29	212.77	371.81	239.01	329.37	124.69	848.10	1.45	14.89
	1034	205.87	132.82	212.34	372.36	239.02	411.75	124.44	844.72	1.45	14.88
	1035	205.89	132.48	213.12	372.17	238.89	411.78	125.12	847.63	1.45	14.91
	1036	164.72	133.00	212.54	371.80	238.71	329.45	124.71	844.79	1.45	14.84
	1037	164.74	132.70	212.38	371.75	239.46	329.48	124.76	846.76	1.45	14.86
	1038	164.75	132.88	212.37	372.57	239.03	329.50	124.59	847.77	1.46	14.89
	1039	164.76	132.81	212.48	372.01	239.49	329.53	124.61	847.91	1.46	14.87
	1040	164.78	133.18	212.36	372.00	238.78	329.56	124.44	848.29	1.45	14.86
	1041	205.99	132.66	212.67	372.54	239.12	411.98	124.68	847.12	1.45	14.87
	1042	206.01	132.78	213.46	371.60	239.88	412.01	124.61	841.90	1.45	14.92
	1043	164.82	133.11	212.46	372.78	239.27	329.64	124.77	844.88	1.46	14.88
	1044	164.83	132.78	213.14	372.43	239.00	329.66	124.29	847.98	1.46	14.88
	1045	164.84	132.77	212.91	372.39	239.96	329.69	124.68	847.48	1.45	14.91
	1046	164.86	132.83	212.99	372.74	239.16	329.72	124.05	846.92	1.45	14.92
	1047	164.87	132.52	213.17	373.26	238.96	329.74	124.54	845.59	1.45	14.84
	1048	206.11	133.21	212.70	372.00	239.16	412.21	124.62	843.99	1.46	14.90
	1049	206.12	133.24	212.47	372.73	239.84	412.25	124.37	848.54	1.46	14.89
	1050	164.91	133.11	213.19	372.18	239.07	329.82	124.37	844.17	1.46	14.88
	1051	164.93	132.83	212.66	372.08	239.37	329.85	124.44	846.35	1.45	14.89
	1052	164.94	133.06	212.71	372.59	239.95	329.88	124.60	846.34	1.45	14.89
	1053	164.95	133.14	213.22	372.65	239.22	329.90	125.08	843.34	1.46	14.89
	1054	164.97	133.09	212.84	372.61	239.24	329.93	124.35	844.61	1.46	14.88
	1055	206.22	133.07	212.80	372.97	239.13	412.45	124.04	844.58	1.45	14.92
	1056	206.24	132.73	212.86	372.43	239.49	412.48	124.66	846.57	1.46	14.91
	1057	165.01	133.21	213.12	373.62	239.48	330.01	124.74	845.84	1.45	14.88
	1058	165.02	133.00	213.32	372.15	239.05	330.04	124.85	849.94	1.46	14.90
	1059	165.03	132.98	212.74	372.73	239.07	330.06	124.59	845.14	1.45	14.88
	1060	165.05	133.21	212.43	373.39	239.21	330.09	124.83	846.20	1.46	14.91
	1061	165.06	133.11	212.97	372.12	239.58	330.12	124.68	845.39	1.45	14.93
	1062	206.34	133.20	212.58	373.07	239.30	412.68	124.48	846.89	1.46	14.92
	1063	206.36	132.66	213.22	372.39	239.14	412.71	124.81	845.29	1.45	14.90
	1064	165.10	133.47	213.13	372.87	239.76	330.20	124.77	845.14	1.45	14.90
	1065	165.11	133.41	212.98	372.86	239.34	330.22	124.82	848.58	1.46	14.92
	1066	165.13	132.82	213.57	373.21	239.40	330.25	124.39	845.20	1.45	14.87
	1067	165.14	133.14	212.87	372.63	239.78	330.28	124.42	846.19	1.46	14.90
	1068	165.15	132.94	213.08	372.88	239.65	330.30	124.26	845.99	1.46	14.88
	1069	206.46	133.30	213.06	372.88	239.06	412.91	124.61	846.88	1.46	14.89
	1070	206.47	133.33	212.95	372.63	239.97	412.95	124.08	847.00	1.46	14.91
	1071	165.19	133.07	213.12	372.91	239.82	330.38	124.28	845.37	1.45	14.90
	1072	165.21	133.13	213.25	371.78	239.33	330.41	123.93	842.39	1.46	14.91
	1073	165.22	132.92	213.52	372.77	239.74	330.44	123.87	844.03	1.45	14.91
	1074	165.23	133.20	213.09	373.21	239.66	330.47	124.56	847.02	1.45	14.90
	1075	165.25	133.15	213.48	373.13	239.55	330.49	124.81	846.32	1.45	14.93
	1076	206.57	133.12	213.00	373.60	239.46	413.15	124.43	845.76	1.46	14.93
	1077	206.59	133.11	212.94	373.09	239.84	413.18	124.83	845.20	1.46	14.91
	1078	165.29	133.21	212.96	373.02	239.70	330.57	124.34	846.70	1.46	14.93
	1079	165.30	133.32	212.84	373.86	239.63	330.60	124.62	845.19	1.46	14.92
	1080	165.31	133.23	213.15	372.95	240.17	330.63	124.38	848.61	1.46	14.92
	1081	165.33	132.95	212.98	372.63	239.77	330.65	124.20	845.94	1.46	14.91
	1082	165.34	133.25	213.24	372.55	239.61	330.68	124.15	846.84	1.45	14.92
	1083	206.69	133.23	213.50	373.80	240.45	413.38	124.05	848.36	1.46	14.96
	1084	206.71	132.96	212.59	372.83	240.19	413.42	124.16	846.31	1.45	14.92
	1085	165.38	133.22	213.12	372.66	239.79	330.76	124.79	846.88	1.46	14.90
	1086	165.39	133.60	213.47	372.99	240.23	330.79	124.20	848.37	1.46	14.97
	1087	165.41	133.40	213.62	372.13	238.99	330.81	124.19	846.14	1.45	14.96
	1088	165.42	133.27	212.98	372.75	240.20	330.84	124.12	847.18	1.46	14.91
	1089	165.43	133.13	213.52	372.09	239.67	330.87	124.49	846.01	1.45	14.92
	1090	206.81	132.89	212.53	373.35	239.82	413.62	124.22	844.59	1.45	14.94
	1091	206.83	133.27	212.83	373.61	239.92	413.65	124.37	845.05	1.46	14.98
	1092	165.47	133.37	213.69	373.46	240.00	330.95	124.64	845.44	1.46	14.91
	1093	165.49	133.33	212.95	372.97	240.34	330.97	124.62	845.66	1.46	14.94
	1094	165.50	133.45	213.77	373.18	240.13	331.00	124.08	844.16	1.46	14.98
	1095	165.51	133.18	213.45	372.88	240.04	331.03	124.47	847.50	1.46	14.89
	1096	165.53	132.91	213.33	373.85	239.87	331.05	124.03	844.89	1.46	14.92
	1097	206.93	133.56	213.31	373.03	238.46	413.85	124.37	845.27	1.45	14.90
	1098	206.94	133.39	213.28	373.71	239.93	413.89	124.23	845.00	1.46	14.94
	1099	165.57	132.96	213.40	372.73	240.20	331.13	123.91	847.44	1.46	14.95
	1100	165.58	133.27	213.68	373.62	239.81	331.16	124.86	847.44	1.46	14.92
	1101	165.59	133.41	213.13	373.73	239.56	331.19	124.04	844.08	1.46	14.95
	1102	165.61	133.27	213.75	373.53	240.72	331.22	124.16	845.83	1.46	14.93
	1103	165.62	133.49	213.18	373.91	240.51	331.24	124.57	844.31	1.46	14.94
	1104	207.04	133.35	213.31	373.53	240.10	414.09	124.44	844.26	1.46	14.91
	1105	207.06	133.34	213.56	373.29	240.78	414.12	124.23	846.39	1.46	14.89
	1106	165.66	133.27	213.74	372.08	240.22	331.32	123.84	844.16	1.46	14.92
	1107	165.67	133.24	213.31	374.14	240.21	331.35	124.18	844.18	1.46	14.93
	1108	165.69	133.69	213.34	372.44	240.30	331.38	123.91	846.26	1.46	14.95
	1109	165.70	133.35	213.45	374.08	240.09	331.40	124.18	845.24	1.46	14.95
	1110	165.71	133.43	213.47	373.77	240.16	331.43	124.29	843.94	1.46	14.96
	1111	207.16	133.46	214.25	373.56	241.05	414.32	124.11	843.49	1.46	14.95
	1112	207.18	133.61	213.09	373.13	239.57	414.35	124.31	846.77	1.45	14.94
	1113	165.76	133.22	214.04	373.00	240.59	331.51	124.35	843.11	1.46	14.95
	1114	165.77	133.63	213.38	373.61	240.29	331.54	124.33	841.38	1.46	14.94
	1115	165.78	133.26	213.41	374.66	240.09	331.56	124.69	847.00	1.46	14.94
	1116	165.80	133.05	213.45	372.98	239.96	331.59	124.11	843.38	1.46	14.96
	1117	165.81	133.30	213.56	374.10	241.04	331.62	124.14	847.26	1.46	14.94
	1118	207.28	133.71	213.75	374.64	240.03	414.56	124.85	845.13	1.46	14.97
	1119	207.29	133.58	213.72	374.31	240.68	414.59	124.33	845.89	1.46	14.93
************************************************************************